-- phpMyAdmin SQL Dump
-- version 5.0.4
-- https://www.phpmyadmin.net/
--
-- Host: db
-- Generation Time: Nov 01, 2020 at 04:03 PM
-- Server version: 5.7.32
-- PHP Version: 7.4.11

SET SQL_MODE = "NO_AUTO_VALUE_ON_ZERO";
START TRANSACTION;
SET time_zone = "+00:00";


/*!40101 SET @OLD_CHARACTER_SET_CLIENT=@@CHARACTER_SET_CLIENT */;
/*!40101 SET @OLD_CHARACTER_SET_RESULTS=@@CHARACTER_SET_RESULTS */;
/*!40101 SET @OLD_COLLATION_CONNECTION=@@COLLATION_CONNECTION */;
/*!40101 SET NAMES utf8mb4 */;

--
-- Database: `KHUN_MAE`
--

-- --------------------------------------------------------

--
-- Table structure for table `FOOD`
--

CREATE TABLE `FOOD` (
  `FOOD_ID` int(5) NOT NULL,
  `FOOD_NAME` varchar(50) NOT NULL,
  `FOOD_KCAL` double NOT NULL,
  `FOOD_UNIT` varchar(50) NOT NULL,
  `FOODTYPE_ID` int(5) NOT NULL,
  `CREATE_BY` varchar(50) NOT NULL,
  `CREATE_DATE` datetime NOT NULL
) ENGINE=InnoDB DEFAULT CHARSET=utf8;

--
-- Dumping data for table `FOOD`
--

INSERT INTO `FOOD` (`FOOD_ID`, `FOOD_NAME`, `FOOD_KCAL`, `FOOD_UNIT`, `FOODTYPE_ID`, `CREATE_BY`, `CREATE_DATE`) VALUES
(1, 'กระเพาะปลา', 150, 'ชาม', 1, 'admin', '2018-11-14 01:05:00'),
(2, 'กระเพาะปลาตุ๋นน้ำแดง', 225, 'ชาม', 1, 'admin', '2018-11-14 01:05:00'),
(3, 'กล้วยไข่', 40, 'ลูก', 4, 'admin', '2018-11-14 01:05:00'),
(4, 'กล้วยคลุกมะพร้าว', 100, 'ถ้วย', 3, 'admin', '2018-11-14 01:05:00'),
(5, 'กล้วยฉาบ', 29, 'ชิ้น', 3, 'admin', '2018-11-14 01:05:00'),
(6, 'กล้วยตาก', 30, 'ผล', 3, 'admin', '2018-11-14 01:05:00'),
(7, 'กล้วยทอด (กล้วยแขก)', 50, 'ชิ้น', 3, 'admin', '2018-11-14 01:05:00'),
(8, 'กล้วยไข่เชื่อม', 177, 'จาน (2 ลูก)', 3, 'admin', '2018-11-14 01:05:00'),
(9, 'กล้วยน้ำว้า', 36, 'ลูก', 4, 'admin', '2018-11-14 01:05:00'),
(10, 'กล้วยบวชชี', 152, 'ถ้วยเล็ก', 3, 'admin', '2018-11-14 01:05:00'),
(11, 'กล้วยเล็บมือนาง', 30, 'ผล', 4, 'admin', '2018-11-14 01:05:00'),
(12, 'กล้วยหอม', 77, 'ลูก', 4, 'admin', '2018-11-14 01:05:00'),
(13, 'ก๋วยจั๊บ', 240, 'ชาม', 1, 'admin', '2018-11-14 01:05:00'),
(14, 'ก๋วยจั๊บญวณ', 235, 'ชาม', 1, 'admin', '2018-11-14 01:05:00'),
(15, 'ก๋วยเตี๋ยวแขก', 380, 'ชาม', 1, 'admin', '2018-11-14 01:05:00'),
(16, 'ก๋วยเตี๋ยวคั่วไก่', 435, 'จาน', 1, 'admin', '2018-11-14 01:05:00'),
(17, 'ก๋วยเตี๋ยวต้มยำกุ้ง', 320, 'ถ้วย', 1, 'admin', '2018-11-14 01:05:00'),
(18, 'ก๋วยเตี๋ยวเนื้อเรียง', 370, 'ถ้วย', 1, 'admin', '2018-11-14 01:05:00'),
(19, 'ก๋วยเตี๋ยวเนื้อสับ', 370, 'จาน', 1, 'admin', '2018-11-14 01:05:00'),
(20, 'ก๋วยเตี๋ยวผัดกะเพราไก่', 440, 'จาน', 1, 'admin', '2018-11-14 01:05:00'),
(21, 'ก๋วยเตี๋ยวผัดไทยใส่ไข่', 577, 'จาน', 1, 'admin', '2018-11-14 01:05:00'),
(22, 'ก๋วยเตี๋ยวราดหน้าปลากระพง', 435, 'จาน', 1, 'admin', '2018-11-14 01:05:00'),
(23, 'ก๋วยเตี๋ยวเรือน้ำตก', 180, 'ชาม', 1, 'admin', '2018-11-14 01:05:00'),
(24, 'ก๋วยเตี๋ยวเรือน้ำตกแห้ง', 225, 'ชาม', 1, 'admin', '2018-11-14 01:05:00'),
(25, 'ก๋วยเตี๋ยวเส้นปลาน้ำ', 375, 'ชาม', 1, 'admin', '2018-11-14 01:05:00'),
(26, 'ก๋วยเตี๋ยวเส้นปลาแห้ง', 420, 'ชาม', 1, 'admin', '2018-11-14 01:05:00'),
(27, 'ก๋วยเตี๋ยวเส้นเล็กต้มยำหมู', 335, 'ชาม', 1, 'admin', '2018-11-14 01:05:00'),
(28, 'ก๋วยเตี๋ยวเส้นเล็กหมูแห้ง', 330, 'ชาม', 1, 'admin', '2018-11-14 01:05:00'),
(29, 'ก๋วยเตี๋ยวเส้นหมี่น้ำลูกชิ้นเนื้อวัว', 226, 'จาน', 1, 'admin', '2018-11-14 01:05:00'),
(30, 'ก๋วยเตี๋ยวเส้นหมี่ลูกชิ้นเนื้อ', 258, 'ชาม', 1, 'admin', '2018-11-14 01:05:00'),
(31, 'ก๋วยเตี๋ยวเส้นใหญ่ผัดซีอิ๊วใส่ไข่', 520, 'จาน', 1, 'admin', '2018-11-14 01:05:00'),
(32, 'ก๋วยเตี๋ยวเส้นใหญ่ราดหน้าไก่', 397, 'จาน', 1, 'admin', '2018-11-14 01:05:00'),
(33, 'ก๋วยเตี๋ยวเส้นใหญ่ราดหน้าหมู', 397, 'จาน', 1, 'admin', '2018-11-14 01:05:00'),
(34, 'ก๋วยเตี๋ยวหลอด', 50, 'ชิ้น', 1, 'admin', '2018-11-14 01:05:00'),
(35, 'กะละแม', 65, 'ห่อเล็ก', 3, 'admin', '2018-11-14 01:05:00'),
(36, 'กะหรี่พัฟ', 157, 'ตัว', 3, 'admin', '2018-11-14 01:05:00'),
(37, 'กุ้งแช่น้ำปลา', 14, 'ตัว', 1, 'admin', '2018-11-14 01:05:00'),
(38, 'กุ้งทอดกระเทียมพริกไทย', 86, 'ตัวกลาง', 1, 'admin', '2018-11-14 01:05:00'),
(39, 'กุ้งนางนึ่งนมสด', 185, 'ถ้วย', 1, 'admin', '2018-11-14 01:05:00'),
(40, 'กุ้งนึ่งกระเทียม', 124, 'จาน', 1, 'admin', '2018-11-14 01:05:00'),
(41, 'กุ้งผัดพริกอ่อน', 235, 'จาน', 1, 'admin', '2018-11-14 01:05:00'),
(42, 'กุ้งฝอยชุบแป้งทอด', 308, 'แพ', 1, 'admin', '2018-11-14 01:05:00'),
(43, 'กุ้งอบวุ้นเส้น', 300, 'จาน', 1, 'admin', '2018-11-14 01:05:00'),
(44, 'กุนเชียงทอด', 120, 'ชิ้นเล็ก', 1, 'admin', '2018-11-14 01:05:00'),
(45, 'กุยช่ายนึ่ง', 140, 'ชิ้น', 1, 'admin', '2018-11-14 01:05:00'),
(46, 'กุ้ยช่ายทอด', 114, 'ชิ้น', 1, 'admin', '2018-11-14 01:05:00'),
(47, 'เกาเหลาราดหน้า', 300, 'ถ้วย', 1, 'admin', '2018-11-14 01:05:00'),
(48, 'เกาเหลาลูกชิ้นน้ำ', 225, 'ชาม', 1, 'admin', '2018-11-14 01:05:00'),
(49, 'เกี๊ยวกรอบราดหน้ากุ้ง', 635, 'จาน', 1, 'admin', '2018-11-14 01:05:00'),
(50, 'เกี๊ยวซ่า', 63, 'ชิ้น', 1, 'admin', '2018-11-14 01:05:00'),
(51, 'เกี๊ยวน้ำกุ้ง', 275, 'ชาม', 1, 'admin', '2018-11-14 01:05:00'),
(52, 'เกี๊ยวปลาน้ำ', 165, 'ถ้วย', 1, 'admin', '2018-11-14 01:05:00'),
(53, 'แกงกะหรี่ไก่', 450, 'ถ้วย', 1, 'admin', '2018-11-14 01:05:00'),
(54, 'แกงกะหรี่หมู', 325, 'ถ้วย', 1, 'admin', '2018-11-14 01:05:00'),
(55, 'แกงขี้เหล็ก', 195, 'ถ้วย', 1, 'admin', '2018-11-14 01:05:00'),
(56, 'แกงขี้เหล็กหมูย่าง', 245, 'ถ้วย', 1, 'admin', '2018-11-14 01:05:00'),
(57, 'แกงเขียวหวานไก่', 240, 'ถ้วย', 1, 'admin', '2018-11-14 01:05:00'),
(58, 'แกงเขียวหวานปลาดุก', 235, 'ถ้วย', 1, 'admin', '2018-11-14 01:05:00'),
(59, 'แกงเขียวหวานลูกชิ้นปลากราย', 240, 'ถ้วย', 1, 'admin', '2018-11-14 01:05:00'),
(60, 'แกงเขียวหวานหมู', 235, 'ถ้วย', 1, 'admin', '2018-11-14 01:05:00'),
(61, 'แกงจืดไข่เจียว', 120, 'ถ้วย', 1, 'admin', '2018-11-14 01:05:00'),
(62, 'แกงจืดตำลึงหมูสับ', 90, 'ถ้วย', 1, 'admin', '2018-11-14 01:05:00'),
(63, 'แกงจืดเต้าหู้หมูสับ', 90, 'ถ้วย', 1, 'admin', '2018-11-14 01:05:00'),
(64, 'แกงจืดเต้าหู้ไม่ใส่หมูสับ', 80, 'ถ้วย', 1, 'admin', '2018-11-14 01:05:00'),
(65, 'แกงจืดเต้าหู้ยัดไส้', 110, 'ถ้วย', 1, 'admin', '2018-11-14 01:05:00'),
(66, 'แกงจืดถั่วงอกไม่ใส่หมูสับ', 50, 'ถ้วย', 1, 'admin', '2018-11-14 01:05:00'),
(67, 'แกงจืดถั่วงอกหมูสับ', 50, 'ถ้วย', 1, 'admin', '2018-11-14 01:05:00'),
(68, 'แกงจืดฟักยัดไส้', 90, 'ถ้วย', 1, 'admin', '2018-11-14 01:05:00'),
(69, 'แกงจืดมะระยัดไส้', 90, 'ถ้วย', 1, 'admin', '2018-11-14 01:05:00'),
(70, 'แกงจืดมะระสอดไส้หมูวุ้นเส้น', 66, 'ชิ้น', 1, 'admin', '2018-11-14 01:05:00'),
(71, 'แกงจืดวุ้นเส้น', 85, 'ถ้วย', 1, 'admin', '2018-11-14 01:05:00'),
(72, 'แกงไตปลา', 50, 'ถ้วย', 1, 'admin', '2018-11-14 01:05:00'),
(73, 'แกงป่าไก่', 110, 'ถ้วย', 1, 'admin', '2018-11-14 01:05:00'),
(74, 'แกงเผ็ดไก่ใส่มะเขือ', 235, 'ถ้วย', 1, 'admin', '2018-11-14 01:05:00'),
(75, 'แกงเผ็ดไก่ใส่หน่อไม้', 245, 'ถ้วย', 1, 'admin', '2018-11-14 01:05:00'),
(76, 'แกงเผ็ดเป็ดย่าง', 240, 'ถ้วย', 1, 'admin', '2018-11-14 01:05:00'),
(77, 'แกงเผ็ดฟักทองใส่หมู', 250, 'ถ้วย', 1, 'admin', '2018-11-14 01:05:00'),
(78, 'แกงเผ็ดฟักทองหมู', 250, 'ถ้วย', 1, 'admin', '2018-11-14 01:05:00'),
(79, 'แกงเผ็ดมะเขือไก่', 235, 'ถ้วย', 1, 'admin', '2018-11-14 01:05:00'),
(80, 'แกงเผ็ดลูกชิ้นปลา', 240, 'ถ้วย', 1, 'admin', '2018-11-14 01:05:00'),
(81, 'แกงเผ็ดหน่อไม้ไก่', 245, 'ถ้วย', 1, 'admin', '2018-11-14 01:05:00'),
(82, 'แกงเผ็ดหมูยอดมะพร้าว', 245, 'ถ้วย', 1, 'admin', '2018-11-14 01:05:00'),
(83, 'แกงมัสมั่นไก่', 325, 'ถ้วย', 1, 'admin', '2018-11-14 01:05:00'),
(84, 'แกงเลียง', 115, 'ชาม', 1, 'admin', '2018-11-14 01:05:00'),
(85, 'แกงเลียงผักรวม', 48, 'ถ้วย', 1, 'admin', '2018-11-14 01:05:00'),
(86, 'แกงส้ม', 28, 'ถ้วย', 1, 'admin', '2018-11-14 01:05:00'),
(87, 'แกงส้มชะอมไข่ทอดใส่กุ้ง', 270, 'ถ้วย', 1, 'admin', '2018-11-14 01:05:00'),
(88, 'แกงส้มดอกแคกุ้ง', 105, 'ถ้วย', 1, 'admin', '2018-11-14 01:05:00'),
(89, 'แกงส้มปลาช่อนผักบุ้ง', 105, 'ถ้วย', 1, 'admin', '2018-11-14 01:05:00'),
(90, 'แกงส้มปลาแปะซะ', 160, 'ถ้วย', 1, 'admin', '2018-11-14 01:05:00'),
(91, 'แกงส้มผักกะเฉด-ปลา', 110, 'ชาม', 1, 'admin', '2018-11-14 01:05:00'),
(92, 'แกงส้มผักบุ้งปลาช่อน', 105, 'ถ้วย', 1, 'admin', '2018-11-14 01:05:00'),
(93, 'แกงส้มผักรวม', 120, 'ถ้วย', 1, 'admin', '2018-11-14 01:05:00'),
(94, 'แกงหมูเทโพ', 300, 'ถ้วย', 1, 'admin', '2018-11-14 01:05:00'),
(95, 'แกงเหลืองมะละกอกุ้ง', 80, 'ถ้วย', 1, 'admin', '2018-11-14 01:05:00'),
(96, 'แกงเหลืองใส่ปลา', 80, 'ถ้วย', 1, 'admin', '2018-11-14 01:05:00'),
(97, 'แกงอ่อมเนื้อ', 110, 'ถ้วย', 1, 'admin', '2018-11-14 01:05:00'),
(98, 'แกงอ่อมปลา ', 108, 'ถ้วย', 1, 'admin', '2018-11-14 01:05:00'),
(99, 'แกงฮังเล', 221, 'ถ้วย', 1, 'admin', '2018-11-14 01:05:00'),
(100, 'แกงหน่อไม้', 37, 'ถ้วย', 1, 'admin', '2018-11-14 01:05:00'),
(103, 'แกงหมูชะมวง', 197, 'ถ้วย', 1, 'admin', '2018-11-14 01:05:00'),
(104, 'แกงเหลืองหน่อไม้ดองกับปลา', 80, 'ถ้วย', 1, 'admin', '2018-11-14 01:05:00'),
(105, 'แก้วมังกร', 60, 'ลูก', 4, 'admin', '2018-11-14 01:05:00'),
(106, 'โกยซีหมี่', 550, 'จาน', 1, 'admin', '2018-11-14 01:05:00'),
(107, 'ไก่ KFC สะโพก', 355, 'ชิ้น', 1, 'admin', '2018-11-14 01:05:00'),
(108, 'ไก่ KFC ฮอทวิงส์', 78, 'ชิ้น', 1, 'admin', '2018-11-14 01:05:00'),
(109, 'ไก่ตุ๋นมะนาวดอง', 110, 'ชาม', 1, 'admin', '2018-11-14 01:05:00'),
(110, 'ไก่ทอด', 345, 'น่อง', 1, 'admin', '2018-11-14 01:05:00'),
(111, 'ไก่ผัดขิง', 210, 'จาน', 1, 'admin', '2018-11-14 01:05:00'),
(112, 'ไก่ยอชุบแป้งทอด', 73, 'ชิ้น', 1, 'admin', '2018-11-14 01:05:00'),
(113, 'ก้อยอีสาน', 105, 'จาน', 1, 'admin', '2018-11-14 01:05:00'),
(114, 'ไก่ย่าง', 165, 'น่อง', 1, 'admin', '2018-11-14 01:05:00'),
(115, 'ขนมกรวย', 63, 'กรวย', 3, 'admin', '2018-11-14 01:05:00'),
(116, 'ขนมกล้วย', 120, 'ห่อ', 3, 'admin', '2018-11-14 01:05:00'),
(117, 'ขนมกลีบลำดวน', 23, 'ชิ้น', 3, 'admin', '2018-11-14 01:05:00'),
(118, 'ขนมกุ้ยช่าย', 53, 'ชิ้น', 3, 'admin', '2018-11-14 01:05:00'),
(119, 'ขนมเกลียว', 25, 'ตัว', 3, 'admin', '2018-11-14 01:05:00'),
(120, 'ขนมขี้หนู', 165, 'ถ้วย', 3, 'admin', '2018-11-14 01:05:00'),
(121, 'ขนมเข่ง', 120, 'กระทง', 3, 'admin', '2018-11-14 01:05:00'),
(122, 'ขนมครก', 92, 'คู่', 3, 'admin', '2018-11-14 01:05:00'),
(123, 'ขนมจีน', 80, 'ทัพพี', 1, 'admin', '2018-11-14 01:05:00'),
(124, 'ขนมจีนแกงเขียวหวานไก่', 594, 'ชาม', 1, 'admin', '2018-11-14 01:05:00'),
(125, 'ขนมจีนซาวน้ำ', 320, 'จาน', 1, 'admin', '2018-11-14 01:05:00'),
(126, 'ขนมจีนน้ำเงี้ยว', 243, 'ถ้วย', 1, 'admin', '2018-11-14 01:05:00'),
(127, 'ขนมจีนน้ำพริก', 228, 'จาน', 1, 'admin', '2018-11-14 01:05:00'),
(128, 'ขนมจีนน้ำยา', 332, 'จาน', 1, 'admin', '2018-11-14 01:05:00'),
(129, 'ขนมจีนน้ำยาปักษ์ใต้', 146, 'จาน', 1, 'admin', '2018-11-14 01:05:00'),
(130, 'ขนมจีบหมู', 32, 'ชิ้น', 1, 'admin', '2018-11-14 01:05:00'),
(131, 'ขนมตาล', 58, 'กระทง', 3, 'admin', '2018-11-14 01:05:00'),
(132, 'ขนมถั่วแปป', 14, 'ชิ้น', 3, 'admin', '2018-11-14 01:05:00'),
(133, 'ขนมเทียน', 103, 'ห่อ', 3, 'admin', '2018-11-14 01:05:00'),
(134, 'ขนมบ้าบิ่น', 130, 'ชิ้น', 3, 'admin', '2018-11-14 01:05:00'),
(135, 'ขนมเบื้องไทยไส้เค็ม', 50, 'แผ่น', 3, 'admin', '2018-11-14 01:05:00'),
(136, 'ขนมเบื้องญวน', 280, 'แผ่น', 1, 'admin', '2018-11-14 01:05:00'),
(137, 'ขนมเบื้องไทยไส้หวาน', 60, 'แผ่น', 3, 'admin', '2018-11-14 01:05:00'),
(138, 'ขนมเปียกปูน', 195, 'จานเล็ก', 3, 'admin', '2018-11-14 01:05:00'),
(139, 'ขนมสอดไส้', 130, 'ห่อ', 3, 'admin', '2018-11-14 01:05:00'),
(140, 'ขนมผิง', 5, 'ก้อนเล็ก', 3, 'admin', '2018-11-14 01:05:00'),
(141, 'ขนมฝักบัว', 70, 'ชิ้น', 3, 'admin', '2018-11-14 01:05:00'),
(142, 'ขนมเล็บมือนาง', 275, 'จานเล็ก', 3, 'admin', '2018-11-14 01:05:00'),
(143, 'ขนมหน้านวล', 22, 'ชิ้น', 3, 'admin', '2018-11-14 01:05:00'),
(144, 'ขนมหัวผักกาดผัด', 560, 'จาน', 3, 'admin', '2018-11-14 01:05:00'),
(145, 'ขนมหัวผักกาดผัดใส่ไข่', 630, 'จาน', 3, 'admin', '2018-11-14 01:05:00'),
(146, 'ข้าวกะเพราเนื้อ', 622, 'จาน', 1, 'admin', '2018-11-14 01:05:00'),
(147, 'ข้าวกุ้งทอดกระเทียม', 495, 'จาน', 1, 'admin', '2018-11-14 01:05:00'),
(148, 'ข้าวเกรียบกุ้ง', 37, 'แผ่น', 3, 'admin', '2018-11-14 01:05:00'),
(149, 'ข้าวเกรียบปากหม้อ', 26, 'ชิ้น', 1, 'admin', '2018-11-14 01:05:00'),
(150, 'ข้าวแกงกะหรี่ไก่', 389, 'จาน', 1, 'admin', '2018-11-14 01:05:00'),
(151, 'ข้าวแกงกะหรี่หมูทอด', 1119, 'จาน', 1, 'admin', '2018-11-14 01:05:00'),
(152, 'ข้าวแกงเผ็ดไก่', 485, 'จาน', 1, 'admin', '2018-11-14 01:05:00'),
(153, 'ข้าวไก่อบ', 490, 'จาน', 1, 'admin', '2018-11-14 01:05:00'),
(154, 'ข้าวขาหมู', 690, 'จาน', 1, 'admin', '2018-11-14 01:05:00'),
(155, 'ข้าวไข่เจียว', 445, 'จาน', 1, 'admin', '2018-11-14 01:05:00'),
(156, 'ข้าวคลุกกะปิ', 410, 'จาน', 1, 'admin', '2018-11-14 01:05:00'),
(157, 'ข้าวแช่', 350, 'ชุด', 1, 'admin', '2018-11-14 01:05:00'),
(158, 'ข้าวซอยไก่', 395, 'ชาม', 1, 'admin', '2018-11-14 01:05:00'),
(159, 'ข้าวซอยหมู', 395, 'ชาม', 1, 'admin', '2018-11-14 01:05:00'),
(160, 'ข้าวต้ม (ข้าวกล้อง)', 120, 'ถ้วย', 1, 'admin', '2018-11-14 01:05:00'),
(161, 'ข้าวต้ม (ข้าวขาว)', 120, 'ถ้วย', 1, 'admin', '2018-11-14 01:05:00'),
(162, 'ข้าวต้มทรงเครื่อง', 230, 'ถ้วย', 1, 'admin', '2018-11-14 01:05:00'),
(163, 'ข้าวต้มปลา', 325, 'ถ้วย', 1, 'admin', '2018-11-14 01:05:00'),
(164, 'ข้าวต้มมัด', 285, 'มัด', 3, 'admin', '2018-11-14 01:05:00'),
(165, 'ข้าวตังหน้าตั้ง', 90, 'แผ่น', 3, 'admin', '2018-11-14 01:05:00'),
(166, 'ข้าวตังหมูหยอง', 80, 'แผ่น', 3, 'admin', '2018-11-14 01:05:00'),
(167, 'ข้าวแตนราดน้ำตาล', 150, 'แผ่น', 3, 'admin', '2018-11-14 01:05:00'),
(168, 'ข้าวปุ้น(ส้มตำ-ขนมจีน)', 180, 'จาน', 1, 'admin', '2018-11-14 01:05:00'),
(169, 'ข้าวผัดกระเพราหมูกรอบ', 650, 'จาน', 1, 'admin', '2018-11-14 01:05:00'),
(170, 'ข้าวผัดกะเพรากุ้ง', 540, 'จาน', 1, 'admin', '2018-11-14 01:05:00'),
(171, 'ข้าวผัดกะเพราไก่', 554, 'จาน', 1, 'admin', '2018-11-14 01:05:00'),
(172, 'ข้าวผัดกะเพราไก่ไข่ดาว', 630, 'จาน', 1, 'admin', '2018-11-14 01:05:00'),
(173, 'ข้าวผัดกะเพราหมู', 580, 'จาน', 1, 'admin', '2018-11-14 01:05:00'),
(174, 'ข้าวผัดกุ้งใส่ไข่', 595, 'จาน', 1, 'admin', '2018-11-14 01:05:00'),
(175, 'ข้าวผัดกุนเชียง', 590, 'จาน', 1, 'admin', '2018-11-14 01:05:00'),
(176, 'ข้าวผัดแกงเขียวหวานไก่', 630, 'จาน', 1, 'admin', '2018-11-14 01:05:00'),
(177, 'ข้าวผัดคะน้าหมูกรอบ', 670, 'จาน', 1, 'admin', '2018-11-14 01:05:00'),
(178, 'ข้าวผัดต้มยำทะเลแห้ง', 400, 'จาน', 1, 'admin', '2018-11-14 01:05:00'),
(179, 'ข้าวผัดน้ำพริกกุ้งสด', 460, 'จาน', 1, 'admin', '2018-11-14 01:05:00'),
(180, 'ข้าวผัดน้ำพริกเผาหมู', 665, 'จาน', 1, 'admin', '2018-11-14 01:05:00'),
(181, 'ข้าวผัดน้ำพริกลงเรือ', 605, 'จาน', 1, 'admin', '2018-11-14 01:05:00'),
(182, 'ข้าวผัดปลาเค็ม', 405, 'จาน', 1, 'admin', '2018-11-14 01:05:00'),
(183, 'ข้าวผัดปลาหมึกน้ำพริกเผา', 535, 'จาน', 1, 'admin', '2018-11-14 01:05:00'),
(184, 'ข้าวผัดปูใส่ไข่', 610, 'จาน', 1, 'admin', '2018-11-14 01:05:00'),
(185, 'ข้าวผัดผักกระเฉดหมูกรอบ', 600, 'จาน', 1, 'admin', '2018-11-14 01:05:00'),
(186, 'ข้าวผัดมันกุ้งใส่ไข่', 575, 'จาน', 1, 'admin', '2018-11-14 01:05:00'),
(187, 'ข้าวผัดรวมมิตร (น้ำมันน้อย)', 210, 'จาน', 1, 'admin', '2018-11-14 01:05:00'),
(188, 'ผัดมักกะโรนี', 420, 'จาน', 1, 'admin', '2018-11-14 01:05:00'),
(189, 'ข้าวผัดเปรียวหวาน', 300, 'จาน', 1, 'admin', '2018-11-14 01:05:00'),
(190, 'ข้าวผัดสับปะรด', 335, 'จาน', 1, 'admin', '2018-11-14 01:05:00'),
(191, 'ข้าวผัดไส้กรอก', 520, 'จาน', 1, 'admin', '2018-11-14 01:05:00'),
(192, 'ข้าวผัดหนำเลียบหมูใส่ไข่', 370, 'จาน', 1, 'admin', '2018-11-14 01:05:00'),
(193, 'ข้าวผัดหมูน้ำพริกเผา', 665, 'จาน', 1, 'admin', '2018-11-14 01:05:00'),
(194, 'ข้าวผัดคะน้าหมูกรอบ ไข่ดาว', 630, 'จาน', 1, 'admin', '2018-11-14 01:05:00'),
(195, 'ข้าวผัดหมูใส่ไข่', 557, 'จาน', 1, 'admin', '2018-11-14 01:05:00'),
(196, 'ข้าวผัดแหนม', 610, 'จาน', 1, 'admin', '2018-11-14 01:05:00'),
(197, 'ข้าวผัดอเมริกัน', 790, 'จาน', 1, 'admin', '2018-11-14 01:05:00'),
(198, 'ข้าวพะแนงเนื้อ', 457, 'จาน', 1, 'admin', '2018-11-14 01:05:00'),
(199, 'ข้าวโพดต้ม', 200, 'ฝัก', 3, 'admin', '2018-11-14 01:05:00'),
(200, 'ข้าวมันไก่', 596, 'จาน', 1, 'admin', '2018-11-14 01:05:00'),
(201, 'ข้าวมันไก่ทอด', 695, 'จาน', 1, 'admin', '2018-11-14 01:05:00'),
(202, 'ข้าวเม่าทอด', 209, 'ชิ้น', 3, 'admin', '2018-11-14 01:05:00'),
(203, 'ข้าวยำปักษ์ใต้', 248, 'จาน', 1, 'admin', '2018-11-14 01:05:00'),
(204, 'ข้าวราดแกงเขียวหวานไก่', 483, 'จาน', 1, 'admin', '2018-11-14 01:05:00'),
(205, 'ข้าวราดผัดผักบุ้ง ไข่ดาว', 410, 'จาน', 1, 'admin', '2018-11-14 01:05:00'),
(206, 'ข้าวราดผัดผักใส่หมู', 370, 'จาน', 1, 'admin', '2018-11-14 01:05:00'),
(207, 'ข้าวราดหน้าไก่', 400, 'จาน', 1, 'admin', '2018-11-14 01:05:00'),
(208, 'ข้าวสตูว์ไก่', 465, 'จาน', 1, 'admin', '2018-11-14 01:05:00'),
(209, 'ข้าวสวย', 68, 'ทัพพี', 1, 'admin', '2018-11-14 01:05:00'),
(210, 'ข้าวสวย (ข้าวกล้อง)', 80, 'ทัพพี', 1, 'admin', '2018-11-14 01:05:00'),
(211, 'ข้าวสวย (ข้าวขาว)', 80, 'ทัพพี', 1, 'admin', '2018-11-14 01:05:00'),
(212, 'ข้าวหน้ากุ้งผัดพริดสด', 540, 'จาน', 1, 'admin', '2018-11-14 01:05:00'),
(213, 'ข้าวหน้าเป็ด', 495, 'จาน', 1, 'admin', '2018-11-14 01:05:00'),
(214, 'ข้าวหมกไก่', 534, 'จาน', 1, 'admin', '2018-11-14 01:05:00'),
(215, 'ข้าวหมูแดง', 541, 'จาน', 1, 'admin', '2018-11-14 01:05:00'),
(216, 'ข้าวหมูทอด', 416, 'จาน', 1, 'admin', '2018-11-14 01:05:00'),
(217, 'ข้าวหมูทอดกระเทียม', 525, 'จาน', 1, 'admin', '2018-11-14 01:05:00'),
(218, 'ข้าวหมูอบ', 389, 'จาน', 1, 'admin', '2018-11-14 01:05:00'),
(219, 'ข้าวเหนียวกะทิทุเรียน', 225, 'ถ้วย', 3, 'admin', '2018-11-14 01:05:00'),
(220, 'ข้าวเหนียวดำ', 205, 'ถ้วยเล็ก', 3, 'admin', '2018-11-14 01:05:00'),
(221, 'ข้าวเหนียวตัด', 210, 'ชิ้น', 3, 'admin', '2018-11-14 01:05:00'),
(222, 'ข้าวเหนียวนึ่ง', 160, 'ทัพพี', 1, 'admin', '2018-11-14 01:05:00'),
(223, 'ข้าวเหนียวมูลกะทิ', 197, 'จานเล็ก', 3, 'admin', '2018-11-14 01:05:00'),
(224, 'ข้าวเหนียวหน้าสังขยา', 223, 'จานเล็ก', 3, 'admin', '2018-11-14 01:05:00'),
(225, 'ข้าวเหนียวหมูทอด', 440, 'ชุด', 1, 'admin', '2018-11-14 01:05:00'),
(226, 'ข้าวเหนียวหมูสวรรค์', 480, 'ชุด', 1, 'admin', '2018-11-14 01:05:00'),
(227, 'ข้าวอบเผือก', 385, 'จาน', 3, 'admin', '2018-11-14 01:05:00'),
(228, 'ไข่เค็ม', 75, 'ฟอง', 1, 'admin', '2018-11-14 01:05:00'),
(229, 'ไข่เจียว', 215, 'ฟอง', 1, 'admin', '2018-11-14 01:05:00'),
(230, 'ไข่ดาว', 215, 'ฟอง', 1, 'admin', '2018-11-14 01:05:00'),
(231, 'ไข่ดาวทรงเครื่อง', 250, 'ฟอง', 1, 'admin', '2018-11-14 01:05:00'),
(232, 'ไข่ต้ม', 73, 'ฟอง', 1, 'admin', '2018-11-14 01:05:00'),
(233, 'ไข่ตุ๋น', 75, 'ฟอง', 1, 'admin', '2018-11-14 01:05:00'),
(234, 'ไข่ตุ๋นทรงเครื่อง', 159, 'ฟอง', 1, 'admin', '2018-11-14 01:05:00'),
(235, 'ไข่นกกระทา', 191, 'จานเล็ก', 1, 'admin', '2018-11-14 01:05:00'),
(236, 'ไข่พะโล้', 180, 'ถ้วย', 1, 'admin', '2018-11-14 01:05:00'),
(237, 'ไข่ยัดไส้', 310, 'จาน', 1, 'admin', '2018-11-14 01:05:00'),
(238, 'ไข่ลวก', 75, 'ฟอง', 1, 'admin', '2018-11-14 01:05:00'),
(239, 'ไข่ลูกเขย', 205, 'ฟอง', 1, 'admin', '2018-11-14 01:05:00'),
(240, 'ไข่หงส์', 58, 'ใบ', 3, 'admin', '2018-11-14 01:05:00'),
(241, 'ครองแครงกรอบเค็ม', 19, 'ตัว', 3, 'admin', '2018-11-14 01:05:00'),
(242, 'คุกกี้เนย', 105, 'ชิ้น', 3, 'admin', '2018-11-14 01:05:00'),
(243, 'ครัวซอง', 235, 'ชิ้น', 3, 'admin', '2018-11-14 01:05:00'),
(244, 'ครีมซุปไก่', 160, 'ถ้วย', 1, 'admin', '2018-11-14 01:05:00'),
(245, 'คอหมูย่าง', 200, 'จาน', 1, 'admin', '2018-11-14 01:05:00'),
(246, 'คะน้าหมูกรอบ', 420, 'จาน', 1, 'admin', '2018-11-14 01:05:00'),
(247, 'เครื่องในไก่ผัดขิง', 200, 'จาน', 1, 'admin', '2018-11-14 01:05:00'),
(248, 'แคนตาลูป', 4, 'ชิ้น', 4, 'admin', '2018-11-14 01:05:00'),
(249, 'แคบหมู มีมัน', 13, 'ชิ้นเล็ก', 1, 'admin', '2018-11-14 01:05:00'),
(250, 'แคบหมู ไร้มัน', 10, 'ชิ้นเล็ก', 1, 'admin', '2018-11-14 01:05:00'),
(251, 'โครงไก่ทอด', 656, 'ตัว', 1, 'admin', '2018-11-14 01:05:00'),
(252, 'เงาะ', 12, 'ลูก', 4, 'admin', '2018-11-14 01:05:00'),
(253, 'แจ่วบอง', 25, 'ถ้วย', 1, 'admin', '2018-11-14 01:05:00'),
(254, 'โจ๊กใส่ไข่', 250, 'ถ้วย', 1, 'admin', '2018-11-14 01:05:00'),
(255, 'โจ๊กหมู', 160, 'ถ้วย', 1, 'admin', '2018-11-14 01:05:00'),
(256, 'โจ๊กหมูตับ ใส่ไข่ลวก', 230, 'ถ้วย', 1, 'admin', '2018-11-14 01:05:00'),
(257, 'เฉาก๊วย', 90, 'ถ้วย', 3, 'admin', '2018-11-14 01:05:00'),
(258, 'ชมพู่', 16, 'ผล', 4, 'admin', '2018-11-14 01:05:00'),
(259, 'เชอรี่', 15, 'ผล', 4, 'admin', '2018-11-14 01:05:00'),
(260, 'ซาลาเปาทอด', 157, 'ลูก', 1, 'admin', '2018-11-14 01:05:00'),
(261, 'ซาลาเปาไส้หมู', 202, 'ลูก', 1, 'admin', '2018-11-14 01:05:00'),
(262, 'ซาหริ่ม', 217, 'ชุด', 3, 'admin', '2018-11-14 01:05:00'),
(263, 'ซ่าหริ่ม', 275, 'ถ้วย', 3, 'admin', '2018-11-14 01:05:00'),
(264, 'ซุปข้าวโพด', 140, 'ถ้วย', 1, 'admin', '2018-11-14 01:05:00'),
(265, 'ซุปผัก (ใส)', 15, 'ถ้วย', 1, 'admin', '2018-11-14 01:05:00'),
(266, 'ซุปมะเขือ', 40, 'ถ้วย', 1, 'admin', '2018-11-14 01:05:00'),
(267, 'ซุปหน่อไม้', 40, 'จาน', 1, 'admin', '2018-11-14 01:05:00'),
(268, 'ต้มกะทิสายบัวปลาทูนึ่ง', 225, 'ถ้วย', 1, 'admin', '2018-11-14 01:05:00'),
(269, 'ต้มข่าไก่', 210, 'ถ้วย', 1, 'admin', '2018-11-14 01:05:00'),
(270, 'ต้มโคล้งไก่ย่าง', 115, 'ถ้วย', 1, 'admin', '2018-11-14 01:05:00'),
(271, 'ต้มโคล้งปลากรอบ', 60, 'ถ้วย', 1, 'admin', '2018-11-14 01:05:00'),
(272, 'ต้มจับฉ่าย', 15, 'ถ้วย', 1, 'admin', '2018-11-14 01:05:00'),
(273, 'ต้มจืดเลือดหมู', 120, 'ถ้วย', 1, 'admin', '2018-11-14 01:05:00'),
(274, 'ต้มตือฮวน', 160, 'ถ้วย', 1, 'admin', '2018-11-14 01:05:00'),
(275, 'ต้มผักกาดดองซี่โครงหมู', 90, 'ถ้วย', 1, 'admin', '2018-11-14 01:05:00'),
(276, 'ต้มยำกุ้ง', 65, 'ถ้วย', 1, 'admin', '2018-11-14 01:05:00'),
(277, 'ต้มยำไก่', 60, 'ถ้วย', 1, 'admin', '2018-11-14 01:05:00'),
(278, 'ต้มยำไก่ใส่เห็ด', 80, 'ถ้วย', 1, 'admin', '2018-11-14 01:05:00'),
(279, 'ต้มยำปลากระป๋อง', 55, 'ถ้วย', 1, 'admin', '2018-11-14 01:05:00'),
(280, 'ต้มยำปลากระพง', 80, 'ถ้วย', 1, 'admin', '2018-11-14 01:05:00'),
(281, 'ต้มยำปลาทู', 10, 'ถ้วย', 1, 'admin', '2018-11-14 01:05:00'),
(282, 'ต้มยำปลาหมึก', 9, 'ถ้วย', 1, 'admin', '2018-11-14 01:05:00'),
(283, 'ต้มยำเห็ดสด', 30, 'ถ้วย', 1, 'admin', '2018-11-14 01:05:00'),
(284, 'ต้มส้มปลาทู', 130, 'ถ้วย', 1, 'admin', '2018-11-14 01:05:00'),
(285, 'ต้มหัวผักกาดขาวซี่โครงหมู', 90, 'ถ้วย', 1, 'admin', '2018-11-14 01:05:00'),
(286, 'ตะโก้แห้ว', 78, 'กระทง', 3, 'admin', '2018-11-14 01:05:00'),
(287, 'ตับไก่ปิ้ง', 60, 'ไม้', 1, 'admin', '2018-11-14 01:05:00'),
(288, 'เต้าส่วน', 215, 'ถ้วย', 3, 'admin', '2018-11-14 01:05:00'),
(289, 'เต้าหู้แข็ง', 210, 'ก้อน', 1, 'admin', '2018-11-14 01:05:00'),
(290, 'เต้าหู้ไข่', 70, 'หลอด', 1, 'admin', '2018-11-14 01:05:00'),
(291, 'เต้าหู้ทอด', 57, 'ชิ้น', 1, 'admin', '2018-11-14 01:05:00'),
(292, 'เต้าหู้นมสด', 150, 'ถ้วย', 2, 'admin', '2018-11-14 01:05:00'),
(293, 'เต้าฮวยน้ำขิง', 130, 'ถ้วย', 2, 'admin', '2018-11-14 01:05:00'),
(294, 'แตงไทย', 4, 'ชิ้น', 4, 'admin', '2018-11-14 01:05:00'),
(295, 'แตงโม', 250, 'กิโลกรัม', 4, 'admin', '2018-11-14 01:05:00'),
(296, 'ถั่วทอด', 82, 'แพ', 1, 'admin', '2018-11-14 01:05:00'),
(297, 'ถั่วลิสงทอด', 62, 'ช้อนโต๊ะ', 1, 'admin', '2018-11-14 01:05:00'),
(298, 'ทองม้วน', 35, 'อัน', 3, 'admin', '2018-11-14 01:05:00'),
(299, 'ทอดมันกุ้ง', 255, 'จาน', 1, 'admin', '2018-11-14 01:05:00'),
(300, 'ทอดมันปลากลาย', 37, 'ชิ้น', 1, 'admin', '2018-11-14 01:05:00'),
(301, 'ทับทิมกรอบ', 250, 'ถ้วย', 3, 'admin', '2018-11-14 01:05:00'),
(302, 'ทุเรียน', 59, 'เม็ด', 4, 'admin', '2018-11-14 01:05:00'),
(303, 'ทุเรียนทอดกรอบ', 9, 'ชิ้น', 3, 'admin', '2018-11-14 01:05:00'),
(304, 'เทมปุระ', 77, 'ชิ้น', 1, 'admin', '2018-11-14 01:05:00'),
(305, 'นมถั่วเหลือง (ไม่มีน้ำตาล)', 55, 'แก้ว', 2, 'admin', '2018-11-14 01:05:00'),
(306, 'น่องไก่ทอด', 345, 'ชิ้น', 1, 'admin', '2018-11-14 01:05:00'),
(307, 'น่องไก่ย่าง', 97, 'น่อง', 1, 'admin', '2018-11-14 01:05:00'),
(308, 'น้อยหน่า', 61, 'ลูก', 4, 'admin', '2018-11-14 01:05:00'),
(309, 'น้ำกระเจี๊ยบ', 120, 'แก้ว', 2, 'admin', '2018-11-14 01:05:00'),
(311, 'น้ำพริกกะปิผักสด', 28, 'ช้อนโต๊ะ', 1, 'admin', '2018-11-14 01:05:00'),
(312, 'น้ำพริกกุ้งเผา', 90, 'ถ้วย', 1, 'admin', '2018-11-14 01:05:00'),
(313, 'น้ำพริกปลาป่น', 35, 'ถ้วย', 1, 'admin', '2018-11-14 01:05:00'),
(314, 'น้ำพริกมะขามเปียก', 55, 'ถ้วย', 1, 'admin', '2018-11-14 01:05:00'),
(315, 'น้ำพริกมะขามสด', 210, 'ถ้วย', 1, 'admin', '2018-11-14 01:05:00'),
(316, 'น้ำพริกมะม่วง', 100, 'ถ้วย', 1, 'admin', '2018-11-14 01:05:00'),
(317, 'น้ำพริกลงเรือ', 195, 'ถ้วย', 1, 'admin', '2018-11-14 01:05:00'),
(318, 'น้ำพริกหนุ่ม', 18, 'ช้อนโต๊ะ', 1, 'admin', '2018-11-14 01:05:00'),
(319, 'น้ำพริกอ่อง', 80, 'ช้อนโต๊ะ', 1, 'admin', '2018-11-14 01:05:00'),
(320, 'น้ำมะเขือเทศ', 48, 'แก้ว', 2, 'admin', '2018-11-14 01:05:00'),
(321, 'น้ำมะตูม', 120, 'แก้ว', 2, 'admin', '2018-11-14 01:05:00'),
(322, 'น้ำมะนาว', 100, 'แก้ว', 2, 'admin', '2018-11-14 01:05:00'),
(323, 'น้ำมะพร้าว', 120, 'แก้ว', 2, 'admin', '2018-11-14 01:05:00'),
(324, 'น้ำลำใย', 100, 'แก้ว', 2, 'admin', '2018-11-14 01:05:00'),
(325, 'น้ำส้มคั้น', 160, 'แก้ว', 2, 'admin', '2018-11-14 01:05:00'),
(326, 'น้ำสับปะรด', 125, 'แก้ว', 2, 'admin', '2018-11-14 01:05:00'),
(327, 'น้ำองุ่น', 112, 'แก้ว', 2, 'admin', '2018-11-14 01:05:00'),
(328, 'น้ำอ้อย', 240, 'แก้ว', 2, 'admin', '2018-11-14 01:05:00'),
(329, 'เนื้อไก่ชุปแป้งทอด', 71, 'ชิ้นเล็ก', 1, 'admin', '2018-11-14 01:05:00'),
(330, 'เนื้อน้ำตก', 165, 'จาน', 1, 'admin', '2018-11-14 01:05:00'),
(331, 'เนื้อผัดหวาน', 590, 'จาน', 1, 'admin', '2018-11-14 01:05:00'),
(332, 'บะจ่าง', 300, 'ลูก', 3, 'admin', '2018-11-14 01:05:00'),
(333, 'บะหมี่กรอบราดหน้า', 515, 'จาน', 1, 'admin', '2018-11-14 01:05:00'),
(334, 'บะหมี่กรอบราดหน้าไก่หน่อไม้', 660, 'จาน', 1, 'admin', '2018-11-14 01:05:00'),
(335, 'บะหมี่กรอบราดหน้ารวมมิตร', 690, 'จาน', 1, 'admin', '2018-11-14 01:05:00'),
(336, 'บะหมี่กึ่งสำเร็จรูป', 253, 'ก้อน', 1, 'admin', '2018-11-14 01:05:00'),
(337, 'บะหมี่กึ่งสำเร็จรูปผัดกระเพราหมู', 540, 'จาน', 1, 'admin', '2018-11-14 01:05:00'),
(338, 'บะหมี่กึ่งสำเร็จรูปผัดขี้เมา', 530, 'จาน', 1, 'admin', '2018-11-14 01:05:00'),
(339, 'บะหมี่เกี๊ยวเป็ดย่าง', 415, 'ชาม', 1, 'admin', '2018-11-14 01:05:00'),
(340, 'บะหมี่น่องไก่-น้ำ', 375, 'ชาม', 1, 'admin', '2018-11-14 01:05:00'),
(341, 'บะหมี่น้ำเกี๊ยวหมูแดง', 305, 'ชาม', 1, 'admin', '2018-11-14 01:05:00'),
(342, 'บะหมี่น้ำต้มยำหมู', 300, 'ถ้วย', 1, 'admin', '2018-11-14 01:05:00'),
(343, 'บะหมี่น้ำน่องไก่', 375, 'ชาม', 1, 'admin', '2018-11-14 01:05:00'),
(344, 'บะหมี่น้ำเป็ด', 370, 'ชาม', 1, 'admin', '2018-11-14 01:05:00'),
(345, 'บะหมี่น้ำหมูต้มยำ', 300, 'ชาม', 1, 'admin', '2018-11-14 01:05:00'),
(346, 'บะหมี่หมูแดง', 231, 'ชาม', 1, 'admin', '2018-11-14 01:05:00'),
(347, 'บะหมี่แห้งหมูแดง', 345, 'ชาม', 1, 'admin', '2018-11-14 01:05:00'),
(348, 'บัวลอย', 223, 'ถ้วยเล็ก', 3, 'admin', '2018-11-14 01:05:00'),
(349, 'บัวลอยเผือก', 300, 'ถ้วย', 3, 'admin', '2018-11-14 01:05:00'),
(350, 'บาร์บีคิวซี่โครงหมูข้าวคลุกเนย', 340, 'ชุด', 1, 'admin', '2018-11-14 01:05:00'),
(351, 'เบียร์ไทย', 148, 'แก้ว', 2, 'admin', '2018-11-14 01:05:00'),
(352, 'ปลากระพงนึ่งมะนาว', 155, 'ชิ้นกลาง', 1, 'admin', '2018-11-14 01:05:00'),
(353, 'ปลาช่อนทอด', 1840, 'ตัว', 1, 'admin', '2018-11-14 01:05:00'),
(354, 'ปลาช่อนอบเกลือ', 220, 'ตัว', 1, 'admin', '2018-11-14 01:05:00'),
(355, 'ปลาชุบขนมปังทอด + สลัดผัก', 595, 'จาน', 1, 'admin', '2018-11-14 01:05:00'),
(356, 'ปลาซาบะย่าง', 220, 'ตัว', 1, 'admin', '2018-11-14 01:05:00'),
(357, 'ปลาแซลมอนย่าง', 260, 'จาน', 1, 'admin', '2018-11-14 01:05:00'),
(358, 'ปลาทอดสามรส', 470, 'ตัวกลาง', 1, 'admin', '2018-11-14 01:05:00'),
(359, 'ปลาทูทอด', 280, 'ตัวกลาง', 1, 'admin', '2018-11-14 01:05:00'),
(360, 'ปลานึ่ง', 156, 'ตัว', 1, 'admin', '2018-11-14 01:05:00'),
(361, 'ปลาเผา', 156, 'ตัว', 1, 'admin', '2018-11-14 01:05:00'),
(362, 'ปลาราดซอสมะนาวมันฝรั่งทอด', 560, 'จาน', 1, 'admin', '2018-11-14 01:05:00'),
(363, 'ปลาราดพริก', 300, 'จาน', 1, 'admin', '2018-11-14 01:05:00'),
(364, 'ปลาร้าทรงเครื่อง', 155, 'ถ้วย', 1, 'admin', '2018-11-14 01:05:00'),
(365, 'ปลาร้าสับ', 35, 'ถ้วย', 1, 'admin', '2018-11-14 01:05:00'),
(366, 'ปลาเล็กปลาน้อยทอดกรอบ', 80, 'ช้อนโต๊ะ', 1, 'admin', '2018-11-14 01:05:00'),
(367, 'ปลาสลิดทอด', 190, 'ตัว', 1, 'admin', '2018-11-14 01:05:00'),
(368, 'ปลาหมึกชุปแป้งทอด', 49, 'ชิ้น', 1, 'admin', '2018-11-14 01:05:00'),
(369, 'ปลาหมึกนึ่งมะนาว', 75, 'ตัว', 1, 'admin', '2018-11-14 01:05:00'),
(370, 'ปลาหมึกผัดฉ่า', 260, 'ถ้วย', 1, 'admin', '2018-11-14 01:05:00'),
(371, 'ปลาหมึกย่าง', 37, 'ไม้', 1, 'admin', '2018-11-14 01:05:00'),
(372, 'ปลาอินทรีย์เค็มทอด', 115, 'จาน', 1, 'admin', '2018-11-14 01:05:00'),
(373, 'ปอเปี๊ยะทอด', 158, 'ชิ้น', 1, 'admin', '2018-11-14 01:05:00'),
(374, 'ปาท่องโก๋', 124, 'ตัว', 3, 'admin', '2018-11-14 01:05:00'),
(375, 'ปีกไก่ทอด', 107, 'ชิ้นกลาง', 1, 'admin', '2018-11-14 01:05:00'),
(376, 'ปีกไก่สอดไส้ทอด', 103, 'ชิ้น', 1, 'admin', '2018-11-14 01:05:00'),
(377, 'ปีกไก่อบ', 169, 'ชิ้น', 1, 'admin', '2018-11-14 01:05:00'),
(378, 'เป็ดตุ๋นมะนาวดอง', 110, 'ถ้วย', 1, 'admin', '2018-11-14 01:05:00'),
(379, 'เป็ดพะโล้', 110, 'ถ้วย', 1, 'admin', '2018-11-14 01:05:00'),
(380, 'ผัดกะหล่ำปลีหมู', 230, 'จาน', 1, 'admin', '2018-11-14 01:05:00'),
(381, 'ผัดกุ้งสะตอหมู', 200, 'จาน', 1, 'admin', '2018-11-14 01:05:00'),
(382, 'ผัดกุ้งหน่อไม้ฝรั่ง', 230, 'จาน', 1, 'admin', '2018-11-14 01:05:00'),
(383, 'ผัดไข่หน่อไม้', 200, 'จาน', 1, 'admin', '2018-11-14 01:05:00'),
(384, 'ผัดคะน้าปลาเค็ม', 200, 'จาน', 1, 'admin', '2018-11-14 01:05:00'),
(385, 'ผัดไชโป๊วใส่ไข่', 125, 'จาน', 1, 'admin', '2018-11-14 01:05:00'),
(386, 'ผัดซีอิ๊วเส้นใหญ่หมูใส่ไข่', 679, 'จาน', 1, 'admin', '2018-11-14 01:05:00'),
(387, 'ผัดดอกกะหล่ำกุ้ง', 210, 'จาน', 1, 'admin', '2018-11-14 01:05:00'),
(388, 'ผัดดอกกุ่ยช่ายตับ', 210, 'จาน', 1, 'admin', '2018-11-14 01:05:00'),
(389, 'ผัดถั่วงอกเต้าหู้', 155, 'จาน', 1, 'admin', '2018-11-14 01:05:00'),
(390, 'ผัดถั่วลันเตากุ้ง', 190, 'จาน', 1, 'admin', '2018-11-14 01:05:00'),
(391, 'ผัดไทยกุ้งสด', 486, 'จาน', 1, 'admin', '2018-11-14 01:05:00'),
(392, 'ผัดไทยกุ้งสดใส่ไข่', 545, 'จาน', 1, 'admin', '2018-11-14 01:05:00'),
(393, 'ผัดไทยไร้เส้น', 182, 'จาน', 1, 'admin', '2018-11-14 01:05:00'),
(394, 'ผัดไทยวุ้นเส้นกุ้งสด', 520, 'จาน', 1, 'admin', '2018-11-14 01:05:00'),
(395, 'ผัดไทยห่อไข่', 565, 'จาน', 1, 'admin', '2018-11-14 01:05:00'),
(396, 'ผัดบร็อกโคลี่กุ้ง', 210, 'จาน', 1, 'admin', '2018-11-14 01:05:00'),
(397, 'ผัดบวบใส่ไข่', 210, 'จาน', 1, 'admin', '2018-11-14 01:05:00'),
(398, 'ผัดเปรี้ยวหวานไก่', 215, 'จาน', 1, 'admin', '2018-11-14 01:05:00'),
(399, 'ผัดผักกระเฉดน้ำมันหอย', 185, 'จาน', 1, 'admin', '2018-11-14 01:05:00'),
(400, 'ผัดผักกาดขาวหมูวุ้นเส้น', 230, 'จาน', 1, 'admin', '2018-11-14 01:05:00'),
(401, 'ผัดผักกาดดองใส่ไข่', 205, 'จาน', 1, 'admin', '2018-11-14 01:05:00'),
(402, 'ผัดผักคะน้าน้ำมันหอย', 210, 'จาน', 1, 'admin', '2018-11-14 01:05:00'),
(403, 'ผัดผักบุ้ง (ไม่ใส่น้ำมัน)', 40, 'จาน', 1, 'admin', '2018-11-14 01:05:00'),
(404, 'ผัดผักบุ้งไฟแดง', 210, 'จาน', 1, 'admin', '2018-11-14 01:05:00'),
(405, 'ผัดผักรวมหมู', 210, 'จาน', 1, 'admin', '2018-11-14 01:05:00'),
(406, 'ผัดเผ็ดปลาดุก', 200, 'จาน', 1, 'admin', '2018-11-14 01:05:00'),
(407, 'ผัดเผ็ดปลาทอดกรอบ', 290, 'จาน', 1, 'admin', '2018-11-14 01:05:00'),
(408, 'ผัดเผ็ดมะเขือหมู', 250, 'จาน', 1, 'admin', '2018-11-14 01:05:00'),
(409, 'ผัดพริกแกงหมูหน่อไม้', 200, 'จาน', 1, 'admin', '2018-11-14 01:05:00'),
(410, 'ผัดพริกขิงกุ้งกับถั่วฝักยาว', 245, 'จาน', 1, 'admin', '2018-11-14 01:05:00'),
(411, 'ผัดพริกขิงหมูถั่วฝักยาว', 265, 'จาน', 1, 'admin', '2018-11-14 01:05:00'),
(412, 'ผัดฟักทองใส่ไข่', 255, 'จาน', 1, 'admin', '2018-11-14 01:05:00'),
(413, 'ผัดมะเขือยาวหมูสับ', 210, 'จาน', 1, 'admin', '2018-11-14 01:05:00'),
(414, 'ผัดมักกะโรนีกุ้ง', 420, 'จาน', 1, 'admin', '2018-11-14 01:05:00'),
(415, 'ผัดมักกะโรนีหมู', 514, 'จาน', 1, 'admin', '2018-11-14 01:05:00'),
(416, 'ผัดยอดมะระน้ำมันหอย', 185, 'จาน', 1, 'admin', '2018-11-14 01:05:00'),
(417, 'ผัดวุ้นเส้นใส่ไข่', 265, 'จาน', 1, 'admin', '2018-11-14 01:05:00'),
(418, 'ผัดหมี่ซั่ว', 395, 'จาน', 1, 'admin', '2018-11-14 01:05:00'),
(419, 'เผือกทอด', 99, 'ชิ้น', 3, 'admin', '2018-11-14 01:05:00'),
(420, 'ฝรั่ง', 174, 'ผล', 4, 'admin', '2018-11-14 01:05:00'),
(421, 'ฝอยทอง', 146, 'แพ', 3, 'admin', '2018-11-14 01:05:00'),
(422, 'เฝอ', 240, 'ถ้วย', 1, 'admin', '2018-11-14 01:05:00'),
(423, 'พอร์คชอปทอดผักผัดเนย', 545, 'จาน', 1, 'admin', '2018-11-14 01:05:00'),
(424, 'พะแนงไก่', 230, 'ถ้วย', 1, 'admin', '2018-11-14 01:05:00'),
(425, 'พะโล้', 210, 'ถ้วย', 1, 'admin', '2018-11-14 01:05:00'),
(426, 'พุทรา', 20, 'ลูก', 4, 'admin', '2018-11-14 01:05:00'),
(427, 'ฟักตุ๋นไก่มะนาวดอง', 125, 'ถ้วย', 1, 'admin', '2018-11-14 01:05:00'),
(428, 'ฟักทองแกงบวช', 165, 'ถ้วยเล็ก', 3, 'admin', '2018-11-14 01:05:00'),
(429, 'ฟักทองแกงบวด', 185, 'ถ้วย', 3, 'admin', '2018-11-14 01:05:00'),
(430, 'มะขามหวาน', 20, 'ผล', 4, 'admin', '2018-11-14 01:05:00'),
(431, 'มะปรางสุก', 20, 'ผล', 4, 'admin', '2018-11-14 01:05:00'),
(432, 'มะเฟือง', 120, 'ผล', 4, 'admin', '2018-11-14 01:05:00'),
(433, 'มะไฟ', 4, 'ผล', 4, 'admin', '2018-11-14 01:05:00'),
(434, 'มะม่วงเขียวเสวย', 120, 'ผล', 4, 'admin', '2018-11-14 01:05:00'),
(435, 'มะม่วงดิบ', 110, 'ลูก', 4, 'admin', '2018-11-14 01:05:00'),
(436, 'มะม่วงน้ำดอกไม้', 15, 'ชิ้น', 4, 'admin', '2018-11-14 01:05:00'),
(437, 'มะม่วงสุก', 98, 'ลูก', 4, 'admin', '2018-11-14 01:05:00'),
(438, 'มะม่วงอกร่องสุก', 15, 'ชิ้น', 4, 'admin', '2018-11-14 01:05:00'),
(439, 'มะยม', 4, 'เม็ด', 4, 'admin', '2018-11-14 01:05:00'),
(440, 'มะละกอ', 8, 'ชิ้น', 4, 'admin', '2018-11-14 01:05:00'),
(441, 'มักกะโรนีขี้เมาไก่', 520, 'จาน', 1, 'admin', '2018-11-14 01:05:00'),
(442, 'มักกะโรนีผัดกุ้ง', 420, 'จาน', 1, 'admin', '2018-11-14 01:05:00'),
(443, 'มังคุด', 13, 'ผล', 4, 'admin', '2018-11-14 01:05:00'),
(444, 'มันแกงบวช', 184, 'ถ้วยเล็ก', 3, 'admin', '2018-11-14 01:05:00'),
(445, 'มันทอด', 124, 'ชิ้น', 3, 'admin', '2018-11-14 01:05:00'),
(446, 'มั่นฝรั่งทอด (เฟร้นฟราย)', 20, 'ชิ้น', 1, 'admin', '2018-11-14 01:05:00'),
(447, 'เม็ดขนุน (ขนมไทย)', 35, 'เม็ด', 3, 'admin', '2018-11-14 01:05:00'),
(448, 'เมล็ดมะม่วงหิมพานต์ทอด', 28, 'ชิ้น', 1, 'admin', '2018-11-14 01:05:00'),
(449, 'เมี่ยงก๋วยเตี๋ยว', 20, 'คำ', 1, 'admin', '2018-11-14 01:05:00'),
(450, 'เมี่ยงคำ', 30, 'คำ', 1, 'admin', '2018-11-14 01:05:00'),
(451, 'ยากิโซบะ', 400, 'จาน', 1, 'admin', '2018-11-14 01:05:00'),
(452, 'ยำกุนเชียง', 220, 'จาน', 1, 'admin', '2018-11-14 01:05:00'),
(453, 'ยำขนมจีน', 220, 'จาน', 1, 'admin', '2018-11-14 01:05:00'),
(454, 'ยำไข่ต้ม', 105, 'ฟอง', 1, 'admin', '2018-11-14 01:05:00'),
(455, 'ยำไข่ต้มทรงเครื่อง', 188, 'จาน', 1, 'admin', '2018-11-14 01:05:00'),
(456, 'ยำถั่วพู', 185, 'จาน', 1, 'admin', '2018-11-14 01:05:00'),
(457, 'ยำเนื้อย่าง', 165, 'จาน', 1, 'admin', '2018-11-14 01:05:00'),
(458, 'ยำปลากระป๋อง', 55, 'จาน', 1, 'admin', '2018-11-14 01:05:00'),
(459, 'ยำปลาดุกฟู', 275, 'จาน', 1, 'admin', '2018-11-14 01:05:00'),
(460, 'ยำปลาหมึกย่าง', 99, 'จาน', 1, 'admin', '2018-11-14 01:05:00'),
(461, 'ยำผักกะเฉด', 115, 'จาน', 1, 'admin', '2018-11-14 01:05:00'),
(462, 'ยำผักกาดดอง', 30, 'จาน', 1, 'admin', '2018-11-14 01:05:00'),
(463, 'ยำผักบุ้งทอดกรอบ', 310, 'จาน', 1, 'admin', '2018-11-14 01:05:00'),
(464, 'ยำมะเขือยาว', 35, 'จาน', 1, 'admin', '2018-11-14 01:05:00'),
(465, 'ยำมะม่วงทะเล', 136, 'จาน', 1, 'admin', '2018-11-14 01:05:00'),
(466, 'ยำมาม่า', 215, 'จาน', 1, 'admin', '2018-11-14 01:05:00'),
(467, 'ยำแมงกระพรุน', 105, 'จาน', 1, 'admin', '2018-11-14 01:05:00'),
(468, 'ยำรวมมิตรทะเล', 132, 'จาน', 1, 'admin', '2018-11-14 01:05:00'),
(469, 'ยำวุ้นเส้น', 120, 'จาน', 1, 'admin', '2018-11-14 01:05:00'),
(470, 'ยำไส้กรอก', 110, 'จาน', 1, 'admin', '2018-11-14 01:05:00'),
(471, 'ยำหนังหมู', 220, 'จาน', 1, 'admin', '2018-11-14 01:05:00'),
(472, 'ยำหมูย่าง', 165, 'จาน', 1, 'admin', '2018-11-14 01:05:00'),
(473, 'ยำหอยแมลงภู่', 60, 'จาน', 1, 'admin', '2018-11-14 01:05:00'),
(474, 'เย็นตาโฟ', 290, 'ชาม', 1, 'admin', '2018-11-14 01:05:00'),
(475, 'ระกำ', 8, 'ผล', 4, 'admin', '2018-11-14 01:05:00'),
(476, 'ราดหน้าบะหมี่กรอบ', 515, 'จาน', 1, 'admin', '2018-11-14 01:05:00'),
(477, 'ราดหน้าบะหมี่กรอบไก่', 660, 'จาน', 1, 'admin', '2018-11-14 01:05:00'),
(478, 'ราดหน้าปลากระพง', 435, 'จาน', 1, 'admin', '2018-11-14 01:05:00'),
(479, 'ราดหน้าเส้นใหญ่หมู', 405, 'จาน', 1, 'admin', '2018-11-14 01:05:00'),
(480, 'ราดหน้าหมูหมี่กรอบ', 690, 'จาน', 1, 'admin', '2018-11-14 01:05:00'),
(481, 'โรตี ใส่นมข้นและน้ำตาล', 192, 'ชิ้น', 3, 'admin', '2018-11-14 01:05:00'),
(483, 'ลองกอง', 6, 'ลูก', 4, 'admin', '2018-11-14 01:05:00'),
(484, 'ลอดช่องน้ำกะทิ', 210, 'ถ้วย', 3, 'admin', '2018-11-14 01:05:00'),
(485, 'ลอดช่องสิงคโปร์', 215, 'ถ้วย', 3, 'admin', '2018-11-14 01:05:00'),
(486, 'ละมุด', 120, 'ผล', 4, 'admin', '2018-11-14 01:05:00'),
(487, 'ลางสาด', 6, 'ผล', 4, 'admin', '2018-11-14 01:05:00'),
(488, 'ลาบไก่', 125, 'จาน', 1, 'admin', '2018-11-14 01:05:00'),
(489, 'ลาบเนื้อ', 119, 'จาน', 1, 'admin', '2018-11-14 01:05:00'),
(490, 'ลาบปลา', 94, 'จาน', 1, 'admin', '2018-11-14 01:05:00'),
(491, 'ลาบหมู', 119, 'จาน', 1, 'admin', '2018-11-14 01:05:00'),
(492, 'ลำไย', 8, 'เม็ด', 4, 'admin', '2018-11-14 01:05:00'),
(493, 'ลำไยแห้ง', 9, 'เม็ด', 4, 'admin', '2018-11-14 01:05:00'),
(494, 'ลิ้นจี่', 17, 'ลูก', 4, 'admin', '2018-11-14 01:05:00'),
(495, 'ลูกเกด', 4, 'เม็ด', 3, 'admin', '2018-11-14 01:05:00'),
(496, 'ลูกชิ้นไก่', 6, 'ลูก', 1, 'admin', '2018-11-14 01:05:00'),
(497, 'ลูกชิ้นทอด', 35, 'ลูก', 1, 'admin', '2018-11-14 01:05:00'),
(498, 'ลูกชิ้นเนื้อวัว', 8, 'ลูก', 1, 'admin', '2018-11-14 01:05:00'),
(499, 'ลูกชิ้นปลา', 4, 'ลูก', 1, 'admin', '2018-11-14 01:05:00'),
(500, 'ลูกชุบ', 57, 'ชิ้น', 3, 'admin', '2018-11-14 01:05:00'),
(501, 'ลูกตาลอ่อน', 120, 'ผล', 4, 'admin', '2018-11-14 01:05:00'),
(502, 'ลูกพลับ', 120, 'ผล', 4, 'admin', '2018-11-14 01:05:00'),
(503, 'วุ้นเส้นต้มยำ', 245, 'จาน', 1, 'admin', '2018-11-14 01:05:00'),
(504, 'วุ้นเส้นผัดไทยกุ้งสด', 520, 'จาน', 1, 'admin', '2018-11-14 01:05:00'),
(505, 'ไวตามิลค์', 150, 'ขวด', 2, 'admin', '2018-11-14 01:05:00'),
(506, 'สตรอวเบอร์รี่', 60, 'ผล', 4, 'admin', '2018-11-14 01:05:00'),
(507, 'สเต็กไก่ทอด + มันบด', 615, 'จาน', 1, 'admin', '2018-11-14 01:05:00'),
(508, 'สเต็กปลาย่าง', 260, 'จาน', 1, 'admin', '2018-11-14 01:05:00'),
(509, 'สเต็กหมู + ผักสลัด', 505, 'จาน', 1, 'admin', '2018-11-14 01:05:00'),
(510, 'สปาเกตตี้กะเพรากุ้ง', 485, 'จาน', 1, 'admin', '2018-11-14 01:05:00'),
(511, 'สปาเก็ตตี้ไก่อบ', 430, 'จาน', 1, 'admin', '2018-11-14 01:05:00'),
(512, 'ส้มเขียวหวาน', 32, 'ลูก', 4, 'admin', '2018-11-14 01:05:00'),
(513, 'ส้มเช้ง', 60, 'ผล', 4, 'admin', '2018-11-14 01:05:00'),
(514, 'ส้มตำ ไม่ใส่ถั่ว', 80, 'จาน', 1, 'admin', '2018-11-14 01:05:00'),
(515, 'ส้มตำไทย ไม่ใส่ถั่ว', 55, 'จาน', 1, 'admin', '2018-11-14 01:05:00'),
(516, 'ส้มตำปู ไม่ใส่ถั่ว', 35, 'จาน', 1, 'admin', '2018-11-14 01:05:00'),
(517, 'ส้มตำปูไทย ไม่ใส่ถั่ว', 118, 'จาน', 1, 'admin', '2018-11-14 01:05:00'),
(518, 'ส้มแป้น', 340, 'กิโลกรัม', 4, 'admin', '2018-11-14 01:05:00'),
(519, 'ส้มโอ', 60, 'กรีบ', 4, 'admin', '2018-11-14 01:05:00'),
(520, 'สละหวาน', 60, 'ผล', 4, 'admin', '2018-11-14 01:05:00'),
(521, 'สลัดกุ้ง', 92, 'จาน', 1, 'admin', '2018-11-14 01:05:00'),
(522, 'สลัดกุ้งน้ำใส', 92, 'จาน', 1, 'admin', '2018-11-14 01:05:00'),
(523, 'สลัดไก่', 97, 'จาน', 1, 'admin', '2018-11-14 01:05:00'),
(524, 'สลัดแขก', 230, 'จาน', 1, 'admin', '2018-11-14 01:05:00'),
(525, 'สลัดไข่', 123, 'จาน', 1, 'admin', '2018-11-14 01:05:00'),
(526, 'สลัดเนื้อสันในทอด', 490, 'จาน', 1, 'admin', '2018-11-14 01:05:00'),
(527, 'สลัดปลาทูน่า', 122, 'จาน', 1, 'admin', '2018-11-14 01:05:00'),
(528, 'สับปะรด', 8, 'ชิ้นเล็ก', 4, 'admin', '2018-11-14 01:05:00'),
(529, 'สาคูไส้หมู', 51, 'ลูก', 1, 'admin', '2018-11-14 01:05:00'),
(530, 'สาลี่', 116, 'ผล', 4, 'admin', '2018-11-14 01:05:00'),
(531, 'สำลีหอม', 60, 'ผล', 4, 'admin', '2018-11-14 01:05:00'),
(532, 'สุกี้กุ้ง ไม่ใส่วุ้นเส้น', 200, 'ถ้วย', 1, 'admin', '2018-11-14 01:05:00'),
(533, 'สุกี้ไก่ ไม่ใส่วุ้นเส้น', 200, 'ถ้วย', 1, 'admin', '2018-11-14 01:05:00'),
(534, 'สุกี้น้ำไก่', 345, 'ชาม', 1, 'admin', '2018-11-14 01:05:00'),
(535, 'สุกี้หมู ไม่ใส่วุ้นเส้น', 200, 'ถ้วย', 1, 'admin', '2018-11-14 01:05:00'),
(536, 'สุกี้แห้งทะเล', 280, 'ชาม', 1, 'admin', '2018-11-14 01:05:00'),
(537, 'เส้นก๋วยเตี๋ยวผัดขี้เมา', 605, 'จาน', 1, 'admin', '2018-11-14 01:05:00'),
(538, 'เส้นจันท์ผัดปู', 575, 'จาน', 1, 'admin', '2018-11-14 01:05:00'),
(539, 'เส้นหมี่ลูกชิ้นน้ำใส', 225, 'ชาม', 1, 'admin', '2018-11-14 01:05:00'),
(540, 'เส้นหมี่ลูกชิ้นหมูแห้ง', 430, 'ชาม', 1, 'admin', '2018-11-14 01:05:00'),
(541, 'เส้นใหญ่ผัดซีอิ๊วใส่ไข่', 520, 'จาน', 1, 'admin', '2018-11-14 01:05:00'),
(542, 'ไส้กรอกเนื้อลูกวัวอบสลัดผัก', 465, 'จาน', 1, 'admin', '2018-11-14 01:05:00'),
(543, 'ไส้กรอกอีสาน', 90, 'ลูก', 1, 'admin', '2018-11-14 01:05:00'),
(544, 'ไส้อั่ว', 420, '00 กรัม', 1, 'admin', '2018-11-14 01:05:00'),
(545, 'ไส้อั่ว', 60, 'คำ', 1, 'admin', '2018-11-14 01:05:00'),
(546, 'หน่อไม้ผัดไข่', 200, 'จาน', 1, 'admin', '2018-11-14 01:05:00'),
(547, 'หมี่กรอบราดหน้าหมู', 690, 'จาน', 1, 'admin', '2018-11-14 01:05:00'),
(548, 'หมี่กะทิ', 405, 'จาน', 1, 'admin', '2018-11-14 01:05:00'),
(549, 'หมี่ซั่วผัด', 395, 'จาน', 1, 'admin', '2018-11-14 01:05:00'),
(550, 'หมูกรอบ', 560, 'จาน', 1, 'admin', '2018-11-14 01:05:00'),
(551, 'หมูกะทะ', 375, 'ชุด', 1, 'admin', '2018-11-14 01:05:00'),
(552, 'หมูคลุกเกร็ดขนมปังทอดซอส', 645, 'ชุด', 3, 'admin', '2018-11-14 01:05:00'),
(553, 'หมูจุ่ม', 375, 'ชุด', 1, 'admin', '2018-11-14 01:05:00'),
(554, 'หมูทอดเนยสลัดน้ำใส', 635, 'จาน', 1, 'admin', '2018-11-14 01:05:00'),
(555, 'หมูน้ำตก', 165, 'จาน', 1, 'admin', '2018-11-14 01:05:00'),
(556, 'หมูบด', 50, 'ช้อนโต๊ะ', 1, 'admin', '2018-11-14 01:05:00'),
(557, 'หมูปิ้ง', 125, 'ไม้', 1, 'admin', '2018-11-14 01:05:00'),
(558, 'หมูผัดขิง', 275, 'จาน', 1, 'admin', '2018-11-14 01:05:00'),
(559, 'หมูแผ่น', 120, 'แผ่นกลาง', 1, 'admin', '2018-11-14 01:05:00'),
(560, 'หมูฝอย', 68, 'ช้อนโต๊ะ', 1, 'admin', '2018-11-14 01:05:00'),
(561, 'หมูยอชุบแป้งทอด', 125, 'ชิ้น', 1, 'admin', '2018-11-14 01:05:00'),
(562, 'หมูย่างเกาหลี', 375, 'ชุด', 1, 'admin', '2018-11-14 01:05:00'),
(563, 'หมูสะเต๊ะ', 115, 'ไม้', 1, 'admin', '2018-11-14 01:05:00'),
(564, 'หมูหยอง', 38, 'ช้อนโต๊ะ', 1, 'admin', '2018-11-14 01:05:00'),
(565, 'หลนปูเค็ม', 205, 'ถ้วย', 1, 'admin', '2018-11-14 01:05:00'),
(566, 'หอยแมลงภู่ทอด', 605, 'จาน', 1, 'admin', '2018-11-14 01:05:00'),
(567, 'หอยแมลงภู่อบหม้อดิน', 17, 'ตัว', 1, 'admin', '2018-11-14 01:05:00'),
(568, 'เห็ดผัดน้ำมันหอย', 185, 'จาน', 1, 'admin', '2018-11-14 01:05:00'),
(569, 'แหนมสด', 175, 'จาน', 1, 'admin', '2018-11-14 01:05:00'),
(570, 'อกไก่ย่าง', 110, 'ชิ้น', 1, 'admin', '2018-11-14 01:05:00'),
(571, 'อกไก่อบ', 169, 'ชิ้น', 1, 'admin', '2018-11-14 01:05:00'),
(572, 'องุ่น', 16, 'เม็ด', 4, 'admin', '2018-11-14 01:05:00'),
(573, 'องุ่นเปรียว', 3, 'เม็ด', 4, 'admin', '2018-11-14 01:05:00'),
(574, 'องุ่นหวาน', 4, 'เม็ด', 4, 'admin', '2018-11-14 01:05:00'),
(575, 'อ้อยควั่น', 12, 'ชิ้น', 4, 'admin', '2018-11-14 01:05:00'),
(576, 'แอปเปิ้ล', 42, 'ลูก', 4, 'admin', '2018-11-14 01:05:00'),
(577, 'โอวัลติน', 220, 'แก้ว', 2, 'admin', '2018-11-14 01:05:00'),
(578, 'ฮะเก๋า', 115, 'ลูกเล็ก', 1, 'admin', '2018-11-14 01:05:00'),
(579, 'ขนมถ้วย', 133, 'ถ้วย', 3, 'admin', '2018-11-14 01:05:00'),
(580, 'กระทงทองไส้ข้าวโพด', 72, 'ชิ้น', 3, 'admin', '2018-11-14 01:05:00'),
(581, 'กระทงทองไส้ไก่', 93, 'ชิ้น', 3, 'admin', '2018-11-14 01:05:00'),
(582, 'กระยาสารท', 210, 'ชิ้นกลาง', 3, 'admin', '2018-11-14 01:05:00'),
(583, 'กล้วยคลุกมะพร้าว', 100, 'ถ้วยเล็ก', 3, 'admin', '2018-11-14 01:05:00'),
(584, 'ขนมชั้น', 92, 'ชิ้น', 3, 'admin', '2018-11-14 01:05:00'),
(585, 'ขนมต้มขาว', 41, 'ลูก', 3, 'admin', '2018-11-14 01:05:00'),
(586, 'ขนมปลากริมไข่เต่า', 250, 'ถ้วย', 3, 'admin', '2018-11-14 01:05:00'),
(587, 'ขนมปังกระเทียม', 85, 'ชิ้น', 3, 'admin', '2018-11-14 01:05:00'),
(588, 'ขนมปังขาไก่', 65, 'ชิ้น', 3, 'admin', '2018-11-14 01:05:00'),
(589, 'ขนมปังปอนด์', 80, 'แผ่น', 3, 'admin', '2018-11-14 01:05:00'),
(590, 'ขนมปังมะพร้าว', 235, 'ชิ้น', 3, 'admin', '2018-11-14 01:05:00'),
(591, 'ขนมปังสังขยา', 230, 'ชิ้น', 3, 'admin', '2018-11-14 01:05:00'),
(592, 'ขนมปังอบกรอบ', 20, 'แผ่นเล็ก', 3, 'admin', '2018-11-14 01:05:00'),
(593, 'ขนมปังไส้กรอก', 130, 'ชิ้น', 3, 'admin', '2018-11-14 01:05:00'),
(594, 'ขนมปังไส้หมูหยอง', 185, 'ชิ้น', 3, 'admin', '2018-11-14 01:05:00'),
(595, 'ขนมหม้อแกง', 179, 'ชิ้น', 3, 'admin', '2018-11-14 01:05:00'),
(596, 'ขนมไหว้พระจันทร์ไส้ทุเรียนกวน', 340, 'ชิ้น', 3, 'admin', '2018-11-14 01:05:00'),
(597, 'ขนมไหว้พระจันทร์ไส้ลูกบัวไข่เค็ม', 375, 'ชิ้น', 3, 'admin', '2018-11-14 01:05:00'),
(598, 'ข้าวกุ้งทอดกระเทียมพริกไทย', 495, 'จาน', 1, 'admin', '2018-11-14 01:05:00'),
(599, 'ข้าวเหนียวหน้ากุ้ง', 179, 'ห่อ', 1, 'admin', '2018-11-14 01:05:00'),
(600, 'ข้าวเหนียวสังขยา', 370, 'ห่อ', 1, 'admin', '2018-11-14 01:05:00'),
(601, 'ครีมเทียม', 45, 'ช้อนชา', 2, 'admin', '2018-11-14 01:05:00'),
(602, 'ครีมโรล', 360, 'ชิ้น', 3, 'admin', '2018-11-14 01:05:00'),
(603, 'คอร์นเฟลค', 110, 'ถ้วยตวง', 3, 'admin', '2018-11-14 01:05:00'),
(604, 'คุ้กกี้ข้าวโอ๊ต', 75, 'ชิ้น', 3, 'admin', '2018-11-14 01:05:00'),
(605, 'คุ้กกี้ชาเขียว', 75, 'ชิ้น', 3, 'admin', '2018-11-14 01:05:00'),
(606, 'คุ้กกี้ช็อคโกแลตชิพ', 215, 'ชิ้น', 3, 'admin', '2018-11-14 01:05:00'),
(607, 'คุ้กกี้สิงคโปร์', 95, 'ชิ้น', 3, 'admin', '2018-11-14 01:05:00'),
(608, 'คุ้กกี้เนย', 105, 'ชิ้น', 3, 'admin', '2018-11-14 01:05:00'),
(609, 'คุ้กกี้ไส้สับปะรด', 190, 'ชิ้น', 3, 'admin', '2018-11-14 01:05:00'),
(610, 'ชาดำเย็น', 110, 'แก้ว', 2, 'admin', '2018-11-14 01:05:00'),
(611, 'ชามะนาว', 100, 'แก้ว', 2, 'admin', '2018-11-14 01:05:00'),
(612, 'ชาร้อน', 55, 'แก้ว', 2, 'admin', '2018-11-14 01:05:00'),
(613, 'ชาเย็น', 100, 'แก้ว', 2, 'admin', '2018-11-14 01:05:00'),
(614, 'ช็อคโกแลตร้อน', 120, 'แก้ว', 2, 'admin', '2018-11-14 01:05:00'),
(615, 'ถั่วลิสงแผ่นทอด', 150, 'แผ่น', 3, 'admin', '2018-11-14 01:05:00'),
(616, 'ถั่วลิสงต้ม', 45, 'ช้อนโต๊ะ', 3, 'admin', '2018-11-14 01:05:00'),
(617, 'ถั่วเขียวต้มน้ำตาล', 160, 'ถ้วยเล็ก', 3, 'admin', '2018-11-14 01:05:00'),
(618, 'ทองหยอด', 340, '00 กรัม', 3, 'admin', '2018-11-14 01:05:00'),
(619, 'ทองหยิบ', 105, 'ดอก', 3, 'admin', '2018-11-14 01:05:00'),
(620, 'ทุเรียนกวน', 115, 'ช้อนโต๊ะ', 3, 'admin', '2018-11-14 01:05:00'),
(621, 'น้ำนมข้าวโพด', 80, 'แก้ว', 2, 'admin', '2018-11-14 01:05:00'),
(622, 'น้ำตาลทราย', 20, 'ช้อนชา', 5, 'admin', '2018-11-14 01:05:00'),
(623, 'น้ำฝรั่ง', 100, 'กล่อง', 2, 'admin', '2018-11-14 01:05:00'),
(624, 'บราวนี่', 340, 'ชิ้น', 3, 'admin', '2018-11-14 01:05:00'),
(625, 'น้ำใบเตย', 120, 'แก้ว', 2, 'admin', '2018-11-14 01:05:00'),
(626, 'น้ำใบบัวบก', 120, 'แก้ว', 2, 'admin', '2018-11-14 01:05:00'),
(627, 'พายกรอบ', 118, 'ชิ้น', 3, 'admin', '2018-11-14 01:05:00'),
(628, 'พายชีสบูลเบอร์รี่', 350, 'ชิ้น', 3, 'admin', '2018-11-14 01:05:00'),
(629, 'พายทูน่า', 280, 'ชิ้น', 1, 'admin', '2018-11-14 01:05:00'),
(630, 'พิซซ่าขอบไส้กรอกชีส', 340, 'ชิ้น', 1, 'admin', '2018-11-14 01:05:00'),
(631, 'พิซซ่าทะเล', 335, 'ชิ้น', 1, 'admin', '2018-11-14 01:05:00'),
(632, 'พิซซ่าฮาวายเอี้ยน', 345, 'ชิ้น', 1, 'admin', '2018-11-14 01:05:00'),
(633, 'พิซซ่าไส้กรอก', 290, 'ชิ้น', 1, 'admin', '2018-11-14 01:05:00'),
(634, 'ฟักทองเชื่อม', 167, 'จาน', 3, 'admin', '2018-11-14 01:05:00'),
(635, 'มะขามหวาน', 30, 'ฝัก', 4, 'admin', '2018-11-14 01:05:00'),
(636, 'มะม่วงอกร่องสุก', 15, 'ชิ้น', 4, 'admin', '2018-11-14 01:05:00'),
(637, 'มันฝรั่งแผ่น', 13, 'ชิ้น', 3, 'admin', '2018-11-14 01:05:00'),
(638, 'มันเทศเชื่อม', 230, 'ถ้วยเล็ก', 3, 'admin', '2018-11-14 01:05:00'),
(639, 'มันแกงบวด', 184, 'ถ้วยเล็ก', 3, 'admin', '2018-11-14 01:05:00'),
(640, 'มาการีน', 45, 'ช้อนชา', 5, 'admin', '2018-11-14 01:05:00'),
(641, 'รวมมิตร', 230, 'ถ้วยเล็ก', 3, 'admin', '2018-11-14 01:05:00'),
(642, 'ลูกชิ้นปิ้ง', 165, 'ไม้', 1, 'admin', '2018-11-14 01:05:00'),
(643, 'ลูกตาลลอยแก้ว', 180, 'ถ้วย', 3, 'admin', '2018-11-14 01:05:00'),
(644, 'ลูกเกด', 4, 'เม็ด', 3, 'admin', '2018-11-14 01:05:00'),
(645, 'วุ้นมะพร้าวอ่อน', 80, 'ชิ้น', 3, 'admin', '2018-11-14 01:05:00'),
(646, 'สังขยา', 204, 'ชิ้นเล็ก', 3, 'admin', '2018-11-14 01:05:00'),
(647, 'สังขยาฟักทอง', 288, 'ชิ้นเล็ก', 3, 'admin', '2018-11-14 01:05:00'),
(648, 'สังขยาเผือก', 222, 'ชิ้นเล็ก', 3, 'admin', '2018-11-14 01:05:00'),
(649, 'เกี๊ยวซ่า', 60, 'ชิ้น', 1, 'admin', '2018-11-14 01:05:00'),
(650, 'เกี๊ยวกรอบ', 78, 'ชิ้น', 1, 'admin', '2018-11-14 01:05:00'),
(651, 'เค้กกล้วยหอม', 370, 'ชิ้น', 3, 'admin', '2018-11-14 01:05:00'),
(652, 'เค้กช็อคโกแลต', 275, 'ชิ้น', 3, 'admin', '2018-11-14 01:05:00'),
(653, 'เค้กเนย', 255, 'ชิ้น', 3, 'admin', '2018-11-14 01:05:00'),
(654, 'เค้กใบเตย', 250, 'ชิ้น', 3, 'admin', '2018-11-14 01:05:00'),
(655, 'เต้าหู้เหลือง', 90, 'ชิ้น', 1, 'admin', '2018-11-14 01:05:00'),
(656, 'แซนวิชแฮมชีส', 290, 'คู่', 1, 'admin', '2018-11-14 01:05:00'),
(657, 'แซนวิชทูน่า', 180, 'คู่', 1, 'admin', '2018-11-14 01:05:00'),
(658, 'แซนวิชไก่', 240, 'คู่', 1, 'admin', '2018-11-14 01:05:00'),
(659, 'แยมโรล', 310, 'ชิ้น', 3, 'admin', '2018-11-14 01:05:00'),
(660, 'แฮมเบอร์เกอร์ไก่ชีส', 280, 'ชิ้น', 1, 'admin', '2018-11-14 01:05:00'),
(661, 'แฮมเบอร์เกอร์หมู', 245, 'ชิ้น', 1, 'admin', '2018-11-14 01:05:00'),
(662, 'โดนัท', 270, 'ชิ้น', 3, 'admin', '2018-11-14 01:05:00'),
(663, 'โรตีสายไหม', 145, 'ชิ้น', 3, 'admin', '2018-11-14 01:05:00'),
(664, 'ไอศกรีมกะทิ', 108, 'ก้อน', 3, 'admin', '2018-11-14 01:05:00'),
(665, 'ไอศกรีมกาแฟ', 142, 'ก้อน', 3, 'admin', '2018-11-14 01:05:00'),
(666, 'ไอศกรีมชอกโกแล็ต', 110, 'ก้อน', 3, 'admin', '2018-11-14 01:05:00'),
(667, 'ไอศกรีมวนิลลา', 140, 'ก้อน', 3, 'admin', '2018-11-14 01:05:00'),
(668, 'ไอศกรีมสตรอเบอรี่', 110, 'ก้อน', 3, 'admin', '2018-11-14 01:05:00'),
(669, 'ไอศกรีมรัมเรซิน', 264, 'ก้อน', 3, 'admin', '2018-11-14 01:05:00'),
(670, 'บัวลอย', 223, 'ถ้วย', 3, 'admin', '2018-11-14 01:05:00'),
(671, 'บัวลอยน้ำขิง', 160, 'ถ้วย', 3, 'admin', '2018-11-14 01:05:00'),
(672, 'บัวลอยเผือก ', 300, 'ถ้วย', 3, 'admin', '2018-11-14 01:05:00'),
(673, 'ทุเรียนกวน', 350, '00 กรัม', 3, 'admin', '2018-11-14 01:05:00'),
(674, 'ชาไข่มุก', 350, 'แก้ว', 2, 'admin', '2018-11-14 01:05:00'),
(675, 'กาแฟ', 230, 'แก้ว', 2, 'admin', '2018-11-14 01:05:00'),
(676, 'โกโก้', 210, 'แก้ว', 2, 'admin', '2018-11-14 01:05:00'),
(677, 'นมจืด', 160, 'กล่อง(250cc)', 2, 'admin', '2018-11-14 01:05:00'),
(678, 'นมจืดไขมันต่ำ', 125, 'กล่อง(250cc)', 2, 'admin', '2018-11-14 01:05:00'),
(679, 'นมปรุงแต่ง (รสหวาน)', 200, 'กล่อง', 2, 'admin', '2018-11-14 01:05:00'),
(680, 'นมเปรี้ยว', 125, 'กล่อง', 2, 'admin', '2018-11-14 01:05:00'),
(681, 'นมเย็น', 150, 'แก้ว', 2, 'admin', '2018-11-14 01:05:00'),
(682, 'น้ำเต้าหู้(จืด) ', 75, 'แก้ว', 2, 'admin', '2018-11-14 01:05:00'),
(683, 'น้ำใบเตย', 120, 'แก้ว', 2, 'admin', '2018-11-14 01:05:00'),
(684, 'ยาคูลท์ ', 41, 'ขวด', 2, 'admin', '2018-11-14 01:05:00'),
(685, 'โยเกิร์ตรสธรรมชาติ ', 95, 'ถ้วย', 3, 'admin', '2018-11-14 01:05:00'),
(686, 'สตรอเบอรี่ปั่น', 300, 'แก้ว', 2, 'admin', '2018-11-14 01:05:00'),
(691, 'แกงหอยขม', 130, 'ถ้วย', 1, 'admin', '2018-11-14 01:05:00'),
(692, 'โรตีแกงเนื้อ', 675, 'จาน', 1, 'admin', '2018-11-14 01:05:00');

-- --------------------------------------------------------

--
-- Table structure for table `FOODTYPE`
--

CREATE TABLE `FOODTYPE` (
  `FOODTYPE_ID` int(5) NOT NULL,
  `FOODTYPE_NAME` varchar(100) NOT NULL,
  `CREATE_BY` varchar(50) NOT NULL,
  `CREATE_DATE` datetime NOT NULL
) ENGINE=InnoDB DEFAULT CHARSET=utf8;

--
-- Dumping data for table `FOODTYPE`
--

INSERT INTO `FOODTYPE` (`FOODTYPE_ID`, `FOODTYPE_NAME`, `CREATE_BY`, `CREATE_DATE`) VALUES
(1, 'อาหารจานเดียว/กับข้าว', 'admin', '2018-11-14 01:05:00'),
(2, 'เครื่องดื่ม', 'admin', '2018-11-14 01:05:00'),
(3, 'ขนม/ของหวาน', 'admin', '2018-11-14 01:05:00'),
(4, 'ผลไม้', 'admin', '2018-11-14 01:05:00'),
(5, 'อื่นๆ', 'admin', '2018-11-14 01:05:00');

-- --------------------------------------------------------

--
-- Table structure for table `log_record_weight`
--

CREATE TABLE `log_record_weight` (
  `id_log_record_weight` int(10) NOT NULL,
  `log_start_record_weight` date NOT NULL,
  `log_end_record_weight` date NOT NULL,
  `member_id` int(5) NOT NULL,
  `is_recorded` enum('N','Y') COLLATE utf8_unicode_ci NOT NULL DEFAULT 'N'
) ENGINE=InnoDB DEFAULT CHARSET=utf8 COLLATE=utf8_unicode_ci;

-- --------------------------------------------------------

--
-- Table structure for table `MEMBER`
--

CREATE TABLE `MEMBER` (
  `MEMBER_ID` int(5) NOT NULL,
  `MEMBER_USERNAME` varchar(50) NOT NULL,
  `MEMBER_PASSWORD` text NOT NULL,
  `MEMBER_FIRSTNAME` varchar(50) NOT NULL,
  `MEMBER_LASTNAME` varchar(50) NOT NULL,
  `MEMBER_WEIGHT` double NOT NULL,
  `MEMBER_HEIGHT` double NOT NULL,
  `MEMBER_GESTATION_AGE` int(2) NOT NULL,
  `MEMBER_BMI` double NOT NULL,
  `MEMBER_AGE` int(2) NOT NULL,
  `CREATE_BY` varchar(50) NOT NULL,
  `CREATE_DATE` datetime NOT NULL,
  `token_notification` varchar(500) DEFAULT NULL
) ENGINE=InnoDB DEFAULT CHARSET=utf8;

-- --------------------------------------------------------

--
-- Table structure for table `RECORD_FOOD`
--

CREATE TABLE `RECORD_FOOD` (
  `RECORD_ID` int(7) NOT NULL,
  `FOOD_ID` int(5) NOT NULL,
  `FOOD_QTY` int(5) NOT NULL,
  `MEMBER_ID` int(5) NOT NULL,
  `RECORD_DATE` datetime NOT NULL,
  `CREATE_BY` varchar(50) NOT NULL,
  `CREATE_DATE` datetime NOT NULL
) ENGINE=InnoDB DEFAULT CHARSET=utf8;

--
-- Dumping data for table `RECORD_FOOD`
--

INSERT INTO `RECORD_FOOD` (`RECORD_ID`, `FOOD_ID`, `FOOD_QTY`, `MEMBER_ID`, `RECORD_DATE`, `CREATE_BY`, `CREATE_DATE`) VALUES
(123, 1, 2, 35, '2019-12-12 04:11:54', 'mommy', '2019-12-12 09:12:07'),
(124, 11, 1, 35, '2019-12-13 04:12:09', 'mommy', '2019-12-12 09:12:31'),
(126, 172, 1, 36, '2020-06-15 05:07:35', 'chiiim', '2020-06-15 10:09:07'),
(127, 14, 1, 42, '2020-07-07 12:18:46', 'Pingping', '2020-07-07 05:19:17'),
(128, 492, 20, 42, '2020-07-07 12:19:17', 'Pingping', '2020-07-07 05:19:44'),
(129, 184, 1, 42, '2020-07-07 12:19:49', 'Pingping', '2020-07-07 05:20:23'),
(130, 107, 2, 42, '2020-07-07 12:20:37', 'Pingping', '2020-07-07 05:21:05'),
(131, 348, 1, 42, '2020-07-07 12:21:08', 'Pingping', '2020-07-07 05:21:31'),
(132, 105, 2, 42, '2020-07-07 12:21:32', 'Pingping', '2020-07-07 05:21:43'),
(133, 209, 2, 42, '2020-07-08 10:24:41', 'Pingping', '2020-07-08 03:24:58'),
(134, 229, 2, 42, '2020-07-08 10:25:00', 'Pingping', '2020-07-08 03:25:47'),
(135, 686, 1, 42, '2020-07-08 00:00:00', 'Pingping', '2020-07-08 03:26:13'),
(136, 325, 1, 42, '2020-07-08 00:00:00', 'Pingping', '2020-07-08 03:26:45'),
(137, 438, 2, 42, '2020-07-08 09:57:08', 'Pingping', '2020-07-14 14:57:29'),
(138, 139, 3, 42, '2020-07-14 09:57:31', 'Pingping', '2020-07-14 14:57:53'),
(139, 151, 1, 42, '2020-07-08 09:57:54', 'Pingping', '2020-07-14 14:58:24'),
(140, 14, 1, 42, '2020-07-14 00:00:00', 'Pingping', '2020-07-14 15:01:14'),
(141, 302, 3, 42, '2020-07-14 00:00:00', 'Pingping', '2020-07-14 15:01:27'),
(142, 502, 2, 42, '2020-07-14 00:00:00', 'Pingping', '2020-07-14 15:01:49'),
(143, 110, 2, 42, '2020-07-14 00:00:00', 'Pingping', '2020-07-14 15:02:16'),
(144, 209, 3, 42, '2020-07-14 00:00:00', 'Pingping', '2020-07-14 15:03:00'),
(145, 43, 1, 42, '2020-07-10 10:03:09', 'Pingping', '2020-07-14 15:03:36'),
(146, 292, 1, 42, '2020-07-10 10:03:37', 'Pingping', '2020-07-14 15:03:52'),
(147, 90, 1, 42, '2020-07-10 00:00:00', 'Pingping', '2020-07-14 15:04:20'),
(148, 323, 1, 42, '2020-07-10 00:00:00', 'Pingping', '2020-07-14 15:04:30'),
(149, 678, 3, 42, '2020-07-10 00:00:00', 'Pingping', '2020-07-14 15:05:13'),
(150, 63, 1, 42, '2020-07-10 00:00:00', 'Pingping', '2020-07-14 15:05:37'),
(151, 210, 3, 42, '2020-07-10 00:00:00', 'Pingping', '2020-07-14 15:05:52'),
(152, 63, 1, 42, '2020-07-22 09:19:03', 'Pingping', '2020-07-22 14:19:32'),
(153, 114, 1, 42, '2020-07-22 00:00:00', 'Pingping', '2020-07-22 14:19:59'),
(154, 209, 6, 42, '2020-07-22 00:00:00', 'Pingping', '2020-07-22 14:20:27'),
(155, 248, 10, 42, '2020-07-22 00:00:00', 'Pingping', '2020-07-22 14:20:41'),
(156, 10, 2, 42, '2020-07-22 00:00:00', 'Pingping', '2020-07-22 14:20:53'),
(157, 172, 1, 42, '2020-07-22 00:00:00', 'Pingping', '2020-07-22 14:21:12'),
(158, 232, 3, 42, '2020-07-22 00:00:00', 'Pingping', '2020-07-22 14:21:29'),
(159, 217, 1, 42, '2020-07-17 09:21:39', 'Pingping', '2020-07-22 14:22:06'),
(160, 151, 1, 42, '2020-07-17 00:00:00', 'Pingping', '2020-07-22 14:22:36'),
(161, 15, 5, 44, '2020-08-03 07:57:19', 'Boom', '2020-08-03 12:57:39'),
(162, 2, 1, 45, '2020-08-04 02:46:15', 'Jacky', '2020-08-04 07:47:07'),
(163, 305, 1, 45, '2020-08-04 02:47:14', 'Jacky', '2020-08-04 07:47:24'),
(164, 10, 1, 45, '2020-08-04 02:47:28', 'Jacky', '2020-08-04 07:47:38'),
(165, 252, 1, 45, '2020-08-04 02:47:41', 'Jacky', '2020-08-04 07:47:53'),
(166, 622, 1, 45, '2020-08-04 02:48:10', 'Jacky', '2020-08-04 07:48:19'),
(167, 161, 1, 46, '2020-08-04 09:54:36', 'Ananta', '2020-08-04 14:55:18'),
(168, 232, 1, 46, '2020-08-04 09:55:25', 'Ananta', '2020-08-04 14:55:33'),
(169, 198, 1, 46, '2020-08-04 09:55:37', 'Ananta', '2020-08-04 14:56:51'),
(170, 420, 1, 46, '2020-08-04 09:56:54', 'Ananta', '2020-08-04 14:57:20'),
(171, 297, 3, 46, '2020-08-04 09:57:22', 'Ananta', '2020-08-04 14:57:55'),
(172, 156, 1, 46, '2020-08-04 00:00:00', 'Ananta', '2020-08-04 14:58:36'),
(173, 16, 1, 45, '2020-08-15 07:27:42', 'Jacky', '2020-08-15 00:28:05'),
(174, 2, 1, 47, '2020-08-15 07:53:09', 'จันท์', '2020-08-15 00:53:31'),
(175, 309, 1, 47, '2020-08-15 07:53:34', 'จันท์', '2020-08-15 00:53:42'),
(176, 10, 1, 47, '2020-08-15 07:53:43', 'จันท์', '2020-08-15 00:53:52'),
(177, 248, 1, 47, '2020-08-15 07:53:53', 'จันท์', '2020-08-15 00:54:03'),
(178, 323, 1, 47, '2020-08-15 00:00:00', 'จันท์', '2020-08-15 00:56:09'),
(179, 152, 2, 47, '2020-08-15 00:00:00', 'จันท์', '2020-08-15 01:03:53'),
(180, 154, 2, 47, '2020-08-16 08:05:42', 'จันท์', '2020-08-15 01:06:11'),
(181, 680, 1, 44, '2020-09-11 03:30:57', 'Boom', '2020-09-11 08:32:43'),
(182, 16, 1, 44, '2020-09-11 00:00:00', 'Boom', '2020-09-11 08:33:09'),
(183, 146, 2, 44, '2020-09-11 00:00:00', 'Boom', '2020-09-11 08:34:12'),
(184, 7, 7, 44, '2020-09-11 03:34:14', 'Boom', '2020-09-11 08:34:47'),
(185, 2, 14, 52, '2020-10-31 04:08:03', 'Test2', '2020-10-31 16:08:28'),
(186, 2, 1, 55, '2020-11-01 09:27:40', 'mommy', '2020-11-01 21:28:13'),
(187, 16, 4, 55, '2020-11-01 09:51:33', 'mommy', '2020-11-01 21:52:51');

-- --------------------------------------------------------

--
-- Table structure for table `RECORD_WEIGHT`
--

CREATE TABLE `RECORD_WEIGHT` (
  `RECORD_ID` int(7) NOT NULL,
  `RECORD_VALUE` double NOT NULL,
  `MEMBER_ID` int(5) NOT NULL,
  `RECORD_DATE` date NOT NULL,
  `CREATE_BY` varchar(50) NOT NULL,
  `CREATE_DATE` datetime NOT NULL
) ENGINE=InnoDB DEFAULT CHARSET=utf8;

--
-- Dumping data for table `RECORD_WEIGHT`
--

INSERT INTO `RECORD_WEIGHT` (`RECORD_ID`, `RECORD_VALUE`, `MEMBER_ID`, `RECORD_DATE`, `CREATE_BY`, `CREATE_DATE`) VALUES
(25, 50, 35, '2019-12-12', 'mommy', '2019-12-12 09:09:54'),
(27, 52, 35, '2019-12-19', 'mommy', '2019-12-12 09:10:32'),
(28, 53, 35, '2019-12-26', 'mommy', '2019-12-12 09:10:51'),
(29, 53, 35, '2020-01-01', 'mommy', '2019-12-12 09:11:05'),
(30, 53, 35, '2020-01-09', 'mommy', '2019-12-12 09:11:16'),
(31, 55, 35, '2020-01-16', 'mommy', '2019-12-21 18:30:02'),
(32, 88, 38, '2020-07-06', 'adminchim', '2020-07-05 19:29:22'),
(33, 88, 38, '2020-07-10', 'adminchim', '2020-07-05 19:33:32'),
(34, 99, 38, '2020-07-06', 'adminchim', '2020-07-05 19:34:00'),
(35, 80, 38, '2020-07-06', 'benz', '2020-07-06 06:00:01'),
(36, 72, 39, '2020-07-08', 'mahoree', '2020-07-06 06:03:16'),
(37, 67, 40, '2020-07-07', 'rosesiri', '2020-07-06 09:54:56'),
(38, 67, 40, '2020-07-10', 'rosesiri', '2020-07-06 09:55:26'),
(39, 89, 40, '2020-07-06', 'rosesiri', '2020-07-06 09:55:38'),
(40, 88, 41, '2020-07-07', 'siri', '2020-07-06 11:16:31'),
(41, 52, 42, '2020-07-07', 'Pingping', '2020-07-07 05:18:32'),
(42, 53, 42, '2020-07-14', 'Pingping', '2020-07-17 05:21:32'),
(43, 53, 42, '2020-07-17', 'Pingping', '2020-07-17 09:10:41'),
(44, 54, 42, '2020-07-22', 'Pingping', '2020-07-22 14:11:33'),
(45, 52, 44, '2020-07-27', 'Boom', '2020-07-27 08:37:00'),
(46, 56, 47, '2020-08-15', 'จันท์', '2020-08-15 00:44:46'),
(47, 52, 51, '2020-10-29', 'Test', '2020-10-29 15:37:00'),
(48, 64, 52, '2020-10-29', 'Test2', '2020-10-29 15:39:53'),
(49, 50, 53, '2020-10-29', 'Test3', '2020-10-29 15:51:39'),
(50, 89, 55, '2020-11-01', 'mommy', '2020-11-01 21:29:46');

--
-- Indexes for dumped tables
--

--
-- Indexes for table `FOOD`
--
ALTER TABLE `FOOD`
  ADD PRIMARY KEY (`FOOD_ID`);

--
-- Indexes for table `FOODTYPE`
--
ALTER TABLE `FOODTYPE`
  ADD PRIMARY KEY (`FOODTYPE_ID`);

--
-- Indexes for table `log_record_weight`
--
ALTER TABLE `log_record_weight`
  ADD PRIMARY KEY (`id_log_record_weight`);

--
-- Indexes for table `MEMBER`
--
ALTER TABLE `MEMBER`
  ADD PRIMARY KEY (`MEMBER_ID`);

--
-- Indexes for table `RECORD_FOOD`
--
ALTER TABLE `RECORD_FOOD`
  ADD PRIMARY KEY (`RECORD_ID`);

--
-- Indexes for table `RECORD_WEIGHT`
--
ALTER TABLE `RECORD_WEIGHT`
  ADD PRIMARY KEY (`RECORD_ID`);

--
-- AUTO_INCREMENT for dumped tables
--

--
-- AUTO_INCREMENT for table `FOOD`
--
ALTER TABLE `FOOD`
  MODIFY `FOOD_ID` int(5) NOT NULL AUTO_INCREMENT, AUTO_INCREMENT=693;

--
-- AUTO_INCREMENT for table `FOODTYPE`
--
ALTER TABLE `FOODTYPE`
  MODIFY `FOODTYPE_ID` int(5) NOT NULL AUTO_INCREMENT, AUTO_INCREMENT=6;

--
-- AUTO_INCREMENT for table `log_record_weight`
--
ALTER TABLE `log_record_weight`
  MODIFY `id_log_record_weight` int(10) NOT NULL AUTO_INCREMENT, AUTO_INCREMENT=100;

--
-- AUTO_INCREMENT for table `MEMBER`
--
ALTER TABLE `MEMBER`
  MODIFY `MEMBER_ID` int(5) NOT NULL AUTO_INCREMENT, AUTO_INCREMENT=57;

--
-- AUTO_INCREMENT for table `RECORD_FOOD`
--
ALTER TABLE `RECORD_FOOD`
  MODIFY `RECORD_ID` int(7) NOT NULL AUTO_INCREMENT, AUTO_INCREMENT=188;

--
-- AUTO_INCREMENT for table `RECORD_WEIGHT`
--
ALTER TABLE `RECORD_WEIGHT`
  MODIFY `RECORD_ID` int(7) NOT NULL AUTO_INCREMENT, AUTO_INCREMENT=51;
COMMIT;

/*!40101 SET CHARACTER_SET_CLIENT=@OLD_CHARACTER_SET_CLIENT */;
/*!40101 SET CHARACTER_SET_RESULTS=@OLD_CHARACTER_SET_RESULTS */;
/*!40101 SET COLLATION_CONNECTION=@OLD_COLLATION_CONNECTION */;
